lr-AdamW,step,train_loss,epoch,val_loss,test_loss
0.001,0,,,,
,0,0.00175503920763731,0,,
,1,0.001138117746450007,0,,
,2,0.0016450451221317053,0,,
,3,0.0014177762204781175,0,,
,4,0.0006934593548066914,0,,
,5,0.003058565780520439,0,,
,6,0.0024384078569710255,0,,
,7,0.002759990282356739,0,,
,8,0.0013791347155347466,0,,
,9,0.0007716981926932931,0,,
,10,0.00044922291999682784,0,,
,11,0.0009038409334607422,0,,
,12,0.001291508786380291,0,,
,13,0.0009889915818348527,0,,
,14,0.0006113974377512932,0,,
,15,0.0005420209490694106,0,,
,15,,0,0.001318643568083644,
0.001,16,,,,
,16,0.0011897236108779907,1,,
,17,0.0010720717255026102,1,,
,18,0.0012437242548912764,1,,
,19,0.0012448877096176147,1,,
,20,0.0006950898095965385,1,,
,21,0.002741606207564473,1,,
,22,0.0014260162133723497,1,,
,23,0.0022117530461400747,1,,
,24,0.0010930650169029832,1,,
,25,0.001014095963910222,1,,
,26,0.0008430561283603311,1,,
,27,0.0010193480411544442,1,,
,28,0.0011099614202976227,1,,
,29,0.0005599695723503828,1,,
,30,0.00038199848495423794,1,,
,31,0.0004711167130153626,1,,
,31,,1,0.0012113514821976423,
0.001,32,,,,
,32,0.0011258056620135903,2,,
,33,0.0010888876859098673,2,,
,34,0.0012863788288086653,2,,
,35,0.0012408953625708818,2,,
,36,0.0006743684061802924,2,,
,37,0.002204711316153407,2,,
,38,0.0014430430019274354,2,,
,39,0.0021424905862659216,2,,
,40,0.0011919239768758416,2,,
,41,0.0012364628491923213,2,,
,42,0.0005587177001871169,2,,
,43,0.0008372520678676665,2,,
,44,0.0010079178027808666,2,,
,45,0.0005225001950748265,2,,
,46,0.0003945483185816556,2,,
,47,0.0006370264454744756,2,,
,47,,2,0.001292201690375805,
0.001,48,,,,
,48,0.0011865774868056178,3,,
,49,0.0011298200115561485,3,,
,50,0.0013243919238448143,3,,
,51,0.0012303036637604237,3,,
,52,0.0006568562821485102,3,,
,53,0.0025362002197653055,3,,
,54,0.0015569983515888453,3,,
,55,0.0021385829895734787,3,,
,56,0.0009339247480966151,3,,
,57,0.0007542246603406966,3,,
,58,0.0004912979784421623,3,,
,59,0.0006937661091797054,3,,
,60,0.0009711164748296142,3,,
,61,0.0005160178407095373,3,,
,62,0.0004144321719650179,3,,
,63,0.00044801452895626426,3,,
,63,,3,0.0011169504141435027,
0.001,64,,,,
,64,0.0023851061705499887,4,,
,65,0.001996760256588459,4,,
,66,0.0017349253175780177,4,,
,67,0.0014278916642069817,4,,
,68,0.0006649511633440852,4,,
,69,0.0023773072753101587,4,,
,70,0.0012891298392787576,4,,
,71,0.0019128465792164207,4,,
,72,0.0008037223014980555,4,,
,73,0.0006812101928517222,4,,
,74,0.0005117417313158512,4,,
,75,0.0007336027920246124,4,,
,76,0.0010468672262504697,4,,
,77,0.0005455310456454754,4,,
,78,0.0004098386853002012,4,,
,79,0.0005016038776375353,4,,
,79,,4,0.0011858753859996796,
0.001,80,,,,
,80,0.0021944341715425253,5,,
,81,0.0019102966180071235,5,,
,82,0.0017172280931845307,5,,
,83,0.001337735797278583,5,,
,84,0.0007113117026165128,5,,
,85,0.0022814907133579254,5,,
,86,0.0013610939495265484,5,,
,87,0.002062420127913356,5,,
,88,0.000937189906835556,5,,
,89,0.0009736473439261317,5,,
,90,0.000549046671949327,5,,
,91,0.000850645883474499,5,,
,92,0.001051274361088872,5,,
,93,0.0005386703996919096,5,,
,94,0.0003824387677013874,5,,
,95,0.00046774576185271144,5,,
,95,,5,0.0011397539637982845,
0.001,96,,,,
,96,0.0014450147282332182,6,,
,97,0.0012862764997407794,6,,
,98,0.0013678651303052902,6,,
,99,0.0012879821006208658,6,,
,100,0.0006630012067034841,6,,
,101,0.002452535554766655,6,,
,102,0.001421665190719068,6,,
,103,0.0020422840025275946,6,,
,104,0.0009591208072379231,6,,
,105,0.0008067289018072188,6,,
,106,0.0006161148776300251,6,,
,107,0.0007641135016456246,6,,
,108,0.0010581035166978836,6,,
,109,0.0005434082122519612,6,,
,110,0.0003826022148132324,6,,
,111,0.0005088786128908396,6,,
,111,,6,0.001113163074478507,
0.001,112,,,,
,112,0.0011585382744669914,7,,
,113,0.0011065745493397117,7,,
,114,0.0012843497097492218,7,,
,115,0.0012208942789584398,7,,
,116,0.0006591632845811546,7,,
,117,0.002249643439427018,7,,
,118,0.001322466996498406,7,,
,119,0.001981995301321149,7,,
,120,0.0008667393121868372,7,,
,121,0.0008764067315496504,7,,
,122,0.0004914969322271645,7,,
,123,0.0008066341979429126,7,,
,124,0.0010416812729090452,7,,
,125,0.0005444593261927366,7,,
,126,0.00038681019213981926,7,,
,127,0.0004633213684428483,7,,
,127,,7,0.0011122169671580195,
0.001,128,,,,
,128,0.001083532813936472,8,,
,129,0.0010734176030382514,8,,
,130,0.001269538071937859,8,,
,131,0.0012345892610028386,8,,
,132,0.0006599176558665931,8,,
,133,0.002335336757823825,8,,
,134,0.0012732986360788345,8,,
,135,0.0019064181251451373,8,,
,136,0.0008081562700681388,8,,
,137,0.0007031161803752184,8,,
,138,0.0004902034415863454,8,,
,139,0.000699366326443851,8,,
,140,0.000987726729363203,8,,
,141,0.0005199863808229566,8,,
,142,0.00036565339541994035,8,,
,143,0.0004974149051122367,8,,
,143,,8,0.001122094807215035,
0.001,144,,,,
,144,0.001077192253433168,9,,
,145,0.0010645008878782392,9,,
,146,0.00127416814211756,9,,
,147,0.0012704357504844666,9,,
,148,0.0006646328256465495,9,,
,149,0.002262999303638935,9,,
,150,0.0012328613083809614,9,,
,151,0.0018804717110469937,9,,
,152,0.0007695853710174561,9,,
,153,0.0007004293729551136,9,,
,154,0.00044401336344890296,9,,
,155,0.0006975641590543091,9,,
,156,0.0009968298254534602,9,,
,157,0.0005079198745079339,9,,
,158,0.0003622543590608984,9,,
,159,0.00047341722529381514,9,,
,159,,9,0.001111587742343545,
0.001,160,,,,
,160,0.0010830461978912354,10,,
,161,0.001054792432114482,10,,
,162,0.0012502899626269937,10,,
,163,0.001230491790920496,10,,
,164,0.0006531192339025438,10,,
,165,0.002277225023135543,10,,
,166,0.00124405138194561,10,,
,167,0.0018656441243365407,10,,
,168,0.0007730231154710054,10,,
,169,0.0006981173064559698,10,,
,170,0.00043440336594358087,10,,
,171,0.0007035571034066379,10,,
,172,0.0009844019077718258,10,,
,173,0.0005076990928500891,10,,
,174,0.0003680524241644889,10,,
,175,0.00046396677498705685,10,,
,175,,10,0.0011128800688311458,
0.001,176,,,,
,176,0.0010936595499515533,11,,
,177,0.001068323035724461,11,,
,178,0.0012604835210368037,11,,
,179,0.0012517791474238038,11,,
,180,0.0006571686244569719,11,,
,181,0.002275050152093172,11,,
,182,0.00125814916100353,11,,
,183,0.0018586638616397977,11,,
,184,0.0007687017205171287,11,,
,185,0.0006903992616571486,11,,
,186,0.0004405073123052716,11,,
,187,0.0006872154772281647,11,,
,188,0.0009799589170143008,11,,
,189,0.0005066964076831937,11,,
,190,0.0003688804863486439,11,,
,191,0.0004804788331966847,11,,
,191,,11,0.0011166310869157314,
0.001,192,,,,
,192,0.001073343912139535,12,,
,193,0.001060409820638597,12,,
,194,0.0012596230953931808,12,,
,195,0.0012385520385578275,12,,
,196,0.0006587737007066607,12,,
,197,0.0022334614768624306,12,,
,198,0.0012510803062468767,12,,
,199,0.001860625110566616,12,,
,200,0.0007735369144938886,12,,
,201,0.0007022197241894901,12,,
,202,0.0004371711111161858,12,,
,203,0.0006981915212236345,12,,
,204,0.0009737196378409863,12,,
,205,0.0005194930708967149,12,,
,206,0.0003664386458694935,12,,
,207,0.0004837867454625666,12,,
,207,,12,0.0011182689340785146,
0.001,208,,,,
,208,0.0010806549107655883,13,,
,209,0.0010729668429121375,13,,
,210,0.0012682434171438217,13,,
,211,0.0012483872706070542,13,,
,212,0.0006590521079488099,13,,
,213,0.0022462913766503334,13,,
,214,0.0012509123189374804,13,,
,215,0.0018829391337931156,13,,
,216,0.0007661804556846619,13,,
,217,0.000692963891196996,13,,
,218,0.000446665653726086,13,,
,219,0.0006993620190769434,13,,
,220,0.0009776625083759427,13,,
,221,0.0005184659967198968,13,,
,222,0.0003668652498163283,13,,
,223,0.0004818807647097856,13,,
,223,,13,0.0011179738212376833,
0.001,224,,,,
,224,0.001094878651201725,14,,
,225,0.0010650004260241985,14,,
,226,0.0012733414769172668,14,,
,227,0.0012331341858953238,14,,
,228,0.0006545850774273276,14,,
,229,0.0022296574898064137,14,,
,230,0.0012414386728778481,14,,
,231,0.0018842380959540606,14,,
,232,0.0007713799132034183,14,,
,233,0.0007048657280392945,14,,
,234,0.00043753907084465027,14,,
,235,0.0007009751861914992,14,,
,236,0.0009772989433258772,14,,
,237,0.0005128054763190448,14,,
,238,0.00036586227361112833,14,,
,239,0.0004784585034940392,14,,
,239,,14,0.0011240931926295161,
0.001,240,,,,
,240,0.001083703595213592,15,,
,241,0.0010703682200983167,15,,
,242,0.0012740729143843055,15,,
,243,0.001241865218617022,15,,
,244,0.0006614790763705969,15,,
,245,0.0022318223491311073,15,,
,246,0.0012432360090315342,15,,
,247,0.0019003995694220066,15,,
,248,0.0007707991753704846,15,,
,249,0.0006913011893630028,15,,
,250,0.0004415537405293435,15,,
,251,0.0007019226322881877,15,,
,252,0.0009785599540919065,15,,
,253,0.0005039148381911218,15,,
,254,0.00036409965832717717,15,,
,255,0.0004873964353464544,15,,
,255,,15,0.0011214968981221318,
0.001,256,,,,
,256,0.001082671689800918,16,,
,257,0.0010557904606685042,16,,
,258,0.001250142464414239,16,,
,259,0.0012551289983093739,16,,
,260,0.0006594759761355817,16,,
,261,0.002188611775636673,16,,
,262,0.0012454286916181445,16,,
,263,0.0018549567321315408,16,,
,264,0.0007614162168465555,16,,
,265,0.0007072911830618978,16,,
,266,0.00043914688285440207,16,,
,267,0.0006974254501983523,16,,
,268,0.0009762438130564988,16,,
,269,0.000508904573507607,16,,
,270,0.0003661584050860256,16,,
,271,0.00048529740888625383,16,,
,271,,16,0.001137431594543159,
0.001,272,,,,
,272,0.001074763829819858,17,,
,273,0.001059149857610464,17,,
,274,0.0012522259494289756,17,,
,275,0.0012494492111727595,17,,
,276,0.0006497843423858285,17,,
,277,0.002179429167881608,17,,
,278,0.0012248088605701923,17,,
,279,0.0018677409971132874,17,,
,280,0.0007655315566807985,17,,
,281,0.000706452876329422,17,,
,282,0.0004388353554531932,17,,
,283,0.0007020616321824491,17,,
,284,0.0009732511243782938,17,,
,285,0.0005071008345112205,17,,
,286,0.00036710157291963696,17,,
,287,0.0004829046956729144,17,,
,287,,17,0.0011401769006624818,
0.001,288,,,,
,288,0.0010804837802425027,18,,
,289,0.0010561280651018023,18,,
,290,0.001268246560357511,18,,
,291,0.0012526559876278043,18,,
,292,0.0006671131122857332,18,,
,293,0.0021542164031416178,18,,
,294,0.001204809290356934,18,,
,295,0.0018790819449350238,18,,
,296,0.0007699063280597329,18,,
,297,0.0006829880294390023,18,,
,298,0.0004444684600457549,18,,
,299,0.0006841861177235842,18,,
,300,0.0009840162238106132,18,,
,301,0.0005135539104230702,18,,
,302,0.00036079887649975717,18,,
,303,0.00047357071889564395,18,,
,303,,18,0.001128137344494462,
0.001,304,,,,
,304,0.0010806045029312372,19,,
,305,0.0010652118362486362,19,,
,306,0.0012551036197692156,19,,
,307,0.0012420463608577847,19,,
,308,0.0006647704867646098,19,,
,309,0.0020934981293976307,19,,
,310,0.0013181036338210106,19,,
,311,0.0018207563553005457,19,,
,312,0.0007678688270971179,19,,
,313,0.0006867764750495553,19,,
,314,0.0004318661231081933,19,,
,315,0.0006920111482031643,19,,
,316,0.000985825783573091,19,,
,317,0.0005199803272262216,19,,
,318,0.00036389706656336784,19,,
,319,0.0005084831500425935,19,,
,319,,19,0.0012494387337937951,
0.001,320,,,,
,320,0.0010768197244033217,20,,
,321,0.0010640269611030817,20,,
,322,0.0012710922164842486,20,,
,323,0.001238252385519445,20,,
,324,0.0006624762318097055,20,,
,325,0.0022536900360137224,20,,
,326,0.0012779119424521923,20,,
,327,0.0018296876223757863,20,,
,328,0.0007702850853092968,20,,
,329,0.0006877626292407513,20,,
,330,0.000438636023318395,20,,
,331,0.0007035573944449425,20,,
,332,0.000979384407401085,20,,
,333,0.0005117766559123993,20,,
,334,0.00036788798752240837,20,,
,335,0.0004724356113001704,20,,
,335,,20,0.001106594456359744,
0.001,336,,,,
,336,0.0010644859867170453,21,,
,337,0.0010525394463911653,21,,
,338,0.00124860811047256,21,,
,339,0.0012380785774439573,21,,
,340,0.0006646420806646347,21,,
,341,0.002175895031541586,21,,
,342,0.001439525163732469,21,,
,343,0.001969272270798683,21,,
,344,0.0007682330906391144,21,,
,345,0.0006887386552989483,21,,
,346,0.00045062703429721296,21,,
,347,0.0006861962028779089,21,,
,348,0.000973255024291575,21,,
,349,0.000508938217535615,21,,
,350,0.00036515778629109263,21,,
,351,0.0005182769964449108,21,,
,351,,21,0.001155879464931786,
0.001,352,,,,
,352,0.0010763481259346008,22,,
,353,0.001050286809913814,22,,
,354,0.001274579088203609,22,,
,355,0.0012256760383024812,22,,
,356,0.0006569685065187514,22,,
,357,0.0022466841619461775,22,,
,358,0.0012243271339684725,22,,
,359,0.0018472662195563316,22,,
,360,0.0007639751420356333,22,,
,361,0.0007300378056243062,22,,
,362,0.00044242278090678155,22,,
,363,0.0007193770725280046,22,,
,364,0.0009987918892875314,22,,
,365,0.0005219921586103737,22,,
,366,0.00037632149178534746,22,,
,367,0.00048234706628136337,22,,
,367,,22,0.0011643099132925272,
0.001,368,,,,
,368,0.001087397919036448,23,,
,369,0.0010687129106372595,23,,
,370,0.0012902346206828952,23,,
,371,0.001242172671481967,23,,
,372,0.00064755545463413,23,,
,373,0.0022797617129981518,23,,
,374,0.0012068281648680568,23,,
,375,0.0018901246367022395,23,,
,376,0.0007919070194475353,23,,
,377,0.0006755668437108397,23,,
,378,0.0004509311111178249,23,,
,379,0.0006846163887530565,23,,
,380,0.000971846398897469,23,,
,381,0.0005093063227832317,23,,
,382,0.00037030800012871623,23,,
,383,0.0004679107223637402,23,,
,383,,23,0.0011105084558948874,
0.001,384,,,,
,384,0.0010790646774694324,24,,
,385,0.0010715594980865717,24,,
,386,0.001258799689821899,24,,
,387,0.0012474112445488572,24,,
,388,0.0006550995167344809,24,,
,389,0.0021192904096096754,24,,
,390,0.0012591786216944456,24,,
,391,0.0018435628153383732,24,,
,392,0.0007733445381745696,24,,
,393,0.000715739035513252,24,,
,394,0.00044627636088989675,24,,
,395,0.0006991460686549544,24,,
,396,0.0009694747277535498,24,,
,397,0.0005019582458771765,24,,
,398,0.00036341039231047034,24,,
,399,0.0005308138788677752,24,,
,399,,24,0.0011711589759215713,
0.001,400,,,,
,400,0.0010925136739388108,25,,
,401,0.0010810664389282465,25,,
,402,0.0012646802933886647,25,,
,403,0.001233109156601131,25,,
,404,0.0006563073839060962,25,,
,405,0.0021821928676217794,25,,
,406,0.00124158279504627,25,,
,407,0.001815980183891952,25,,
,408,0.000760048977099359,25,,
,409,0.0006854985258542001,25,,
,410,0.00044034700840711594,25,,
,411,0.000678221695125103,25,,
,412,0.0009748833253979683,25,,
,413,0.00051115668611601,25,,
,414,0.0003640108334366232,25,,
,415,0.0004805525531992316,25,,
,415,,25,0.0011398427886888385,
0.001,416,,,,
,416,0.0011925643775612116,26,,
,417,0.0011373973684385419,26,,
,418,0.0012871598592028022,26,,
,419,0.0012463972670957446,26,,
,420,0.0007107972051016986,26,,
,421,0.002255895407870412,26,,
,422,0.0012654697056859732,26,,
,423,0.0018297663191333413,26,,
,424,0.0007615503272973001,26,,
,425,0.0006841509602963924,26,,
,426,0.0004369649104773998,26,,
,427,0.0006875777035020292,26,,
,428,0.0009685709956102073,26,,
,429,0.0005057730013504624,26,,
,430,0.00036437661037780344,26,,
,431,0.00048079140833579004,26,,
,431,,26,0.0011066984152421355,
0.001,432,,,,
,432,0.001099528162740171,27,,
,433,0.0010819761082530022,27,,
,434,0.0012724767439067364,27,,
,435,0.0012339912354946136,27,,
,436,0.0006638456834480166,27,,
,437,0.002053843578323722,27,,
,438,0.001233392395079136,27,,
,439,0.001874377834610641,27,,
,440,0.0007689991616643965,27,,
,441,0.0007017467869445682,27,,
,442,0.00042940853745676577,27,,
,443,0.0006994014838710427,27,,
,444,0.0009682009695097804,27,,
,445,0.0004995386698283255,27,,
,446,0.00036263512447476387,27,,
,447,0.0005036322399973869,27,,
,447,,27,0.0011858014622703195,
0.001,448,,,,
,448,0.0011097763199359179,28,,
,449,0.001095364335924387,28,,
,450,0.0012698087375611067,28,,
,451,0.0012631913414224982,28,,
,452,0.0006621398497372866,28,,
,453,0.002172937383875251,28,,
,454,0.0012627100804820657,28,,
,455,0.001843658392317593,28,,
,456,0.0008094757795333862,28,,
,457,0.0006841581198386848,28,,
,458,0.00044786170474253595,28,,
,459,0.0006831100909039378,28,,
,460,0.0009671127772890031,28,,
,461,0.0005209248047322035,28,,
,462,0.000363872415618971,28,,
,463,0.0004662565770559013,28,,
,463,,28,0.0010997105855494738,
0.001,464,,,,
,464,0.0010826544603332877,29,,
,465,0.0010797908762469888,29,,
,466,0.0012821891577914357,29,,
,467,0.0012188110267743468,29,,
,468,0.0006804564618505538,29,,
,469,0.002019930863752961,29,,
,470,0.0012860416900366545,29,,
,471,0.0019035502336919308,29,,
,472,0.0008112486102618277,29,,
,473,0.00072800915222615,29,,
,474,0.0004423681239131838,29,,
,475,0.0006961479666642845,29,,
,476,0.0009841073770076036,29,,
,477,0.0005178858991712332,29,,
,478,0.000364706531399861,29,,
,479,0.0005226921057328582,29,,
,479,,29,0.0012371260672807693,
0.001,480,,,,
,480,0.0010779573349282146,30,,
,481,0.0010879236506298184,30,,
,482,0.0012638276675716043,30,,
,483,0.001248695538379252,30,,
,484,0.0006634601159021258,30,,
,485,0.0021862813737243414,30,,
,486,0.0013394900597631931,30,,
,487,0.001958478707820177,30,,
,488,0.0007920396747067571,30,,
,489,0.0006762416451238096,30,,
,490,0.00043855278636328876,30,,
,491,0.0006965624634176493,30,,
,492,0.0009673929889686406,30,,
,493,0.0005112590733915567,30,,
,494,0.0003751503536477685,30,,
,495,0.000460932933492586,30,,
,495,,30,0.0011079709511250257,
0.001,496,,,,
,496,0.0010585096897557378,31,,
,497,0.001072292448952794,31,,
,498,0.0012387146707624197,31,,
,499,0.001238394295796752,31,,
,500,0.0006726993597112596,31,,
,501,0.0020005765836685896,31,,
,502,0.0013228271855041385,31,,
,503,0.001900766626931727,31,,
,504,0.0007678769179619849,31,,
,505,0.0007053820881992579,31,,
,506,0.00043881445890292525,31,,
,507,0.0006944072083570063,31,,
,508,0.0009713261970318854,31,,
,509,0.0005259947502054274,31,,
,510,0.00036486468161456287,31,,
,511,0.0004976665368303657,31,,
,511,,31,0.0011222257744520903,
0.001,512,,,,
,512,0.001043864293023944,32,,
,513,0.0010721009457483888,32,,
,514,0.0012678663479164243,32,,
,515,0.0012700463412329555,32,,
,516,0.0006558042368851602,32,,
,517,0.0020046019926667213,32,,
,518,0.0012035296531394124,32,,
,519,0.0017720655305311084,32,,
,520,0.0007630145410075784,32,,
,521,0.0006999702309258282,32,,
,522,0.000440434756455943,32,,
,523,0.0006972538540139794,32,,
,524,0.0009712475584819913,32,,
,525,0.0005105507443659008,32,,
,526,0.0003615146561060101,32,,
,527,0.0004613077035173774,32,,
,527,,32,0.00112478609662503,
0.001,528,,,,
,528,0.0011837035417556763,33,,
,529,0.0011501847766339779,33,,
,530,0.0013275622623041272,33,,
,531,0.0012502467725425959,33,,
,532,0.0006593718426302075,33,,
,533,0.0020895451307296753,33,,
,534,0.0012353527126833797,33,,
,535,0.0018450918141752481,33,,
,536,0.0007951052975840867,33,,
,537,0.000691403925884515,33,,
,538,0.00045895137009210885,33,,
,539,0.000688534346409142,33,,
,540,0.0009787436574697495,33,,
,541,0.0005176876438781619,33,,
,542,0.00035926687996834517,33,,
,543,0.00047244978486560285,33,,
,543,,33,0.0010989645961672068,
0.001,544,,,,
,544,0.001106170704588294,34,,
,545,0.0011088987812399864,34,,
,546,0.001291855238378048,34,,
,547,0.0012309937737882137,34,,
,548,0.0006633321172557771,34,,
,549,0.0020766721572726965,34,,
,550,0.0013111826265230775,34,,
,551,0.0018926614429801702,34,,
,552,0.0008295613224618137,34,,
,553,0.0007763567264191806,34,,
,554,0.0004480033239815384,34,,
,555,0.0007060157950036228,34,,
,556,0.0009681550436653197,34,,
,557,0.0005077826790511608,34,,
,558,0.0003623127122409642,34,,
,559,0.000589065661188215,34,,
,559,,34,0.0012426299508661032,
0.001,560,,,,
,560,0.001040097908116877,35,,
,561,0.00106167106423527,35,,
,562,0.0012506532948464155,35,,
,563,0.0012563765048980713,35,,
,564,0.0006568632670678198,35,,
,565,0.002225342905148864,35,,
,566,0.001325308345258236,35,,
,567,0.0018971133977174759,35,,
,568,0.0007844052743166685,35,,
,569,0.0006995648727752268,35,,
,570,0.00044617659295909107,35,,
,571,0.0006850513746030629,35,,
,572,0.0009790471522137523,35,,
,573,0.0005129729979671538,35,,
,574,0.0003671293379738927,35,,
,575,0.00044353934936225414,35,,
,575,,35,0.001100696623325348,
0.001,576,,,,
,576,0.0010621367255225778,36,,
,577,0.0010691286297515035,36,,
,578,0.0012747326400130987,36,,
,579,0.0012572782579809427,36,,
,580,0.0006608564872294664,36,,
,581,0.0019359792349860072,36,,
,582,0.0011908930027857423,36,,
,583,0.0018831294728443027,36,,
,584,0.0007834869320504367,36,,
,585,0.0007064887904562056,36,,
,586,0.0004320023872423917,36,,
,587,0.000687560997903347,36,,
,588,0.0009669996798038483,36,,
,589,0.0005205184570513666,36,,
,590,0.00036610825918614864,36,,
,591,0.000493446015752852,36,,
,591,,36,0.0011151265352964401,
0.001,592,,,,
,592,0.0011153544764965773,37,,
,593,0.0011250916868448257,37,,
,594,0.0012737150536850095,37,,
,595,0.0012061058077961206,37,,
,596,0.0006751038017682731,37,,
,597,0.0019745512399822474,37,,
,598,0.0011900996323674917,37,,
,599,0.0018346501747146249,37,,
,600,0.000778885034378618,37,,
,601,0.000724750745575875,37,,
,602,0.00043171612196601927,37,,
,603,0.0007138538057915866,37,,
,604,0.0009940245654433966,37,,
,605,0.0005079809343442321,37,,
,606,0.00036548994830809534,37,,
,607,0.0005005403072573245,37,,
,607,,37,0.0011744160437956452,
0.001,608,,,,
,608,0.0014272434636950493,38,,
,609,0.0012548253871500492,38,,
,610,0.0012987545924261212,38,,
,611,0.0012194347800686955,38,,
,612,0.000667198037263006,38,,
,613,0.0021212673746049404,38,,
,614,0.001352457096800208,38,,
,615,0.001804535393603146,38,,
,616,0.0008572691003791988,38,,
,617,0.0007088605780154467,38,,
,618,0.0004881330532953143,38,,
,619,0.0006926709320396185,38,,
,620,0.0009724848787300289,38,,
,621,0.0005248927045613527,38,,
,622,0.00035752879921346903,38,,
,623,0.0004531240847427398,38,,
,623,,38,0.0011467646108940244,
0.001,624,,,,
,624,0.0010313886450603604,39,,
,625,0.0010705855675041676,39,,
,626,0.0012576139997690916,39,,
,627,0.0012416471727192402,39,,
,628,0.0006606786628253758,39,,
,629,0.002241808455437422,39,,
,630,0.0014420509105548263,39,,
,631,0.001982118235900998,39,,
,632,0.0008374361786991358,39,,
,633,0.0007805156637914479,39,,
,634,0.0004411469562910497,39,,
,635,0.0007077262853272259,39,,
,636,0.0009728494333103299,39,,
,637,0.000518705346621573,39,,
,638,0.0003784408327192068,39,,
,639,0.0005374336033128202,39,,
,639,,39,0.0011727954261004925,
0.001,640,,,,
,640,0.0011489341268315911,40,,
,641,0.0011493890779092908,40,,
,642,0.0013245990267023444,40,,
,643,0.0012208637781441212,40,,
,644,0.0006592777208425105,40,,
,645,0.0023559159599244595,40,,
,646,0.0012654912425205112,40,,
,647,0.0018087365897372365,40,,
,648,0.0007749099750071764,40,,
,649,0.0006953845149837434,40,,
,650,0.00042704830411821604,40,,
,651,0.0007169238524511456,40,,
,652,0.0009938275907188654,40,,
,653,0.0005318464827723801,40,,
,654,0.0003895853296853602,40,,
,655,0.000450778374215588,40,,
,655,,40,0.0011093891225755215,
0.001,656,,,,
,656,0.0014956527156755328,41,,
,657,0.0013445456279441714,41,,
,658,0.00138313346542418,41,,
,659,0.0013025659136474133,41,,
,660,0.0006471574888564646,41,,
,661,0.002129883039742708,41,,
,662,0.001303903292864561,41,,
,663,0.0018677585758268833,41,,
,664,0.0008787614642642438,41,,
,665,0.0007282155565917492,41,,
,666,0.0005344170494936407,41,,
,667,0.0007093166932463646,41,,
,668,0.0010108723072335124,41,,
,669,0.000508459925185889,41,,
,670,0.0003639550704974681,41,,
,671,0.00046326694427989423,41,,
,671,,41,0.0011602117447182536,
0.001,672,,,,
,672,0.001108507625758648,42,,
,673,0.0011243994813412428,42,,
,674,0.0012869329657405615,42,,
,675,0.001233188435435295,42,,
,676,0.000659754266962409,42,,
,677,0.001987005351111293,42,,
,678,0.0014588797930628061,42,,
,679,0.0019588330760598183,42,,
,680,0.0009504521149210632,42,,
,681,0.0009016349213197827,42,,
,682,0.000466533558210358,42,,
,683,0.0007287198095582426,42,,
,684,0.0009722840622998774,42,,
,685,0.000518625311087817,42,,
,686,0.00037503987550735474,42,,
,687,0.0005695479921996593,42,,
,687,,42,0.001216134987771511,
0.001,688,,,,
,688,0.0010893261060118675,43,,
,689,0.0011142668081447482,43,,
,690,0.0013147123390808702,43,,
,691,0.001216415548697114,43,,
,692,0.0006916984566487372,43,,
,693,0.0021841339766979218,43,,
,694,0.0013558479258790612,43,,
,695,0.0019300832645967603,43,,
,696,0.0008136337855830789,43,,
,697,0.0006952949333935976,43,,
,698,0.0004428105603437871,43,,
,699,0.0006860591820441186,43,,
,700,0.0009890227811411023,43,,
,701,0.0005318342591635883,43,,
,702,0.00037842418532818556,43,,
,703,0.00044662351137958467,43,,
,703,,43,0.001111370511353016,
0.001,704,,,,
,704,0.0014708793023601174,44,,
,705,0.001357766450382769,44,,
,706,0.0014113371726125479,44,,
,707,0.0013135540066286922,44,,
,708,0.0006646978436037898,44,,
,709,0.00200302479788661,44,,
,710,0.0013339152792468667,44,,
,711,0.0017373441951349378,44,,
,712,0.0008009508019313216,44,,
,713,0.0007009900873526931,44,,
,714,0.00046225549886003137,44,,
,715,0.0006792698404751718,44,,
,716,0.000992138055153191,44,,
,717,0.00053412962006405,44,,
,718,0.0003713741316460073,44,,
,719,0.0004892346332781017,44,,
,719,,44,0.001105245086364448,
0.001,720,,,,
,720,0.0011375981848686934,45,,
,721,0.001142188091762364,45,,
,722,0.001326169352978468,45,,
,723,0.0012270149309188128,45,,
,724,0.0006625495734624565,45,,
,725,0.002127537038177252,45,,
,726,0.0013014465803280473,45,,
,727,0.001913857995532453,45,,
,728,0.0008122602012008429,45,,
,729,0.0007978580542840064,45,,
,730,0.00045738843618892133,45,,
,731,0.0007510600262321532,45,,
,732,0.001003031968139112,45,,
,733,0.000549841730389744,45,,
,734,0.00036833397462032735,45,,
,735,0.00046042416943237185,45,,
,735,,45,0.0011220922460779548,
0.001,736,,,,
,736,0.0010645482689142227,46,,
,737,0.0010622140252962708,46,,
,738,0.0012678444618359208,46,,
,739,0.0012351040495559573,46,,
,740,0.0006619405467063189,46,,
,741,0.0020752118434756994,46,,
,742,0.0012987806694582105,46,,
,743,0.0017507094889879227,46,,
,744,0.0007997584762051702,46,,
,745,0.000706197926774621,46,,
,746,0.0004632615309674293,46,,
,747,0.000689456588588655,46,,
,748,0.0009719548979774117,46,,
,749,0.0005320966592989862,46,,
,750,0.0003602835931815207,46,,
,751,0.0004894210142083466,46,,
,751,,46,0.0011091027408838272,
0.001,752,,,,
,752,0.0010587511351332068,47,,
,753,0.0010725934989750385,47,,
,754,0.0012844896409660578,47,,
,755,0.0012720811646431684,47,,
,756,0.0006870518554933369,47,,
,757,0.001917654532007873,47,,
,758,0.0013855686411261559,47,,
,759,0.0018249693093821406,47,,
,760,0.0007866855012252927,47,,
,761,0.0006960586761124432,47,,
,762,0.00043591877329163253,47,,
,763,0.0006824989686720073,47,,
,764,0.0009740206296555698,47,,
,765,0.000521649606525898,47,,
,766,0.00036300159990787506,47,,
,767,0.000480871822219342,47,,
,767,,47,0.0011282520135864615,
0.001,768,,,,
,768,0.0010147797875106335,48,,
,769,0.001075103529728949,48,,
,770,0.0012562366900965571,48,,
,771,0.0012346766889095306,48,,
,772,0.000659403798636049,48,,
,773,0.0018768605077639222,48,,
,774,0.0013559029903262854,48,,
,775,0.001786337117664516,48,,
,776,0.0007516209734603763,48,,
,777,0.0007066359976306558,48,,
,778,0.00043338045361451805,48,,
,779,0.000693952664732933,48,,
,780,0.0009884053142741323,48,,
,781,0.0005159975844435394,48,,
,782,0.00036566605558618903,48,,
,783,0.0004653021169360727,48,,
,783,,48,0.0011155845131725073,
0.001,784,,,,
,784,0.0012192155700176954,49,,
,785,0.00117646309081465,49,,
,786,0.0012584003852680326,49,,
,787,0.001242604572325945,49,,
,788,0.0006780220428481698,49,,
,789,0.002087372587993741,49,,
,790,0.0013992320746183395,49,,
,791,0.0018205658998340368,49,,
,792,0.0007787823560647666,49,,
,793,0.000676048977766186,49,,
,794,0.00045915532973594964,49,,
,795,0.0006790044717490673,49,,
,796,0.0009733939077705145,49,,
,797,0.0005053651402704418,49,,
,798,0.00036162513424642384,49,,
,799,0.0004749781219288707,49,,
,799,,49,0.0011055105132982135,
0.001,800,,,,
,800,0.001078312168829143,50,,
,801,0.0010789608350023627,50,,
,802,0.0012685939436778426,50,,
,803,0.00121836899779737,50,,
,804,0.0006555956206284463,50,,
,805,0.0021276804618537426,50,,
,806,0.0014207256026566029,50,,
,807,0.0018415187951177359,50,,
,808,0.0007892667781561613,50,,
,809,0.000741524389013648,50,,
,810,0.0004372835683170706,50,,
,811,0.0007163186674006283,50,,
,812,0.0009800111874938011,50,,
,813,0.0005127527983859181,50,,
,814,0.0003636519832070917,50,,
,815,0.00047693337546661496,50,,
,815,,50,0.0011595211690291762,
0.001,816,,,,
,816,0.001054079970344901,51,,
,817,0.0010598943335935473,51,,
,818,0.0012618240434676409,51,,
,819,0.001224382547661662,51,,
,820,0.0006581558845937252,51,,
,821,0.0020208724308758974,51,,
,822,0.0012361425906419754,51,,
,823,0.0017843246459960938,51,,
,824,0.0007850411930121481,51,,
,825,0.0006962835905142128,51,,
,826,0.00044073915341868997,51,,
,827,0.0006730732857249677,51,,
,828,0.0009626020328141749,51,,
,829,0.0004918099730275571,51,,
,830,0.00036553016980178654,51,,
,831,0.0004693394876085222,51,,
,831,,51,0.0011038652155548334,
0.001,832,,,,
,832,0.0010479912161827087,52,,
,833,0.0010751226218417287,52,,
,834,0.0012747187865898013,52,,
,835,0.0012577716261148453,52,,
,836,0.0006603606743738055,52,,
,837,0.0019188025034964085,52,,
,838,0.0012895280960947275,52,,
,839,0.0018243443919345737,52,,
,840,0.0007855487638153136,52,,
,841,0.0006863964954391122,52,,
,842,0.00043560072663240135,52,,
,843,0.0006767655722796917,52,,
,844,0.0009652467560954392,52,,
,845,0.0005192070966586471,52,,
,846,0.00035458357888273895,52,,
,847,0.0004935562610626221,52,,
,847,,52,0.0011391619918867946,
0.001,848,,,,
,848,0.0010281315771862864,53,,
,849,0.001079132198356092,53,,
,850,0.001271151821129024,53,,
,851,0.0012180549092590809,53,,
,852,0.0006590709090232849,53,,
,853,0.0018467978807166219,53,,
,854,0.0012595464941114187,53,,
,855,0.001601222436875105,53,,
,856,0.0007592797046527267,53,,
,857,0.0007150474702939391,53,,
,858,0.0004348534275777638,53,,
,859,0.0006841648719273508,53,,
,860,0.0009786814916878939,53,,
,861,0.0005180269945412874,53,,
,862,0.00037281785625964403,53,,
,863,0.0004657027020584792,53,,
,863,,53,0.0011708782985806465,
0.001,864,,,,
,864,0.00101542379707098,54,,
,865,0.0010797835420817137,54,,
,866,0.0012720595113933086,54,,
,867,0.0012612148420885205,54,,
,868,0.0006789611070416868,54,,
,869,0.001627212157472968,54,,
,870,0.0014174252282828093,54,,
,871,0.001806369866244495,54,,
,872,0.0007936228066682816,54,,
,873,0.0006911702221259475,54,,
,874,0.0004418837488628924,54,,
,875,0.0006776383379474282,54,,
,876,0.000959440425503999,54,,
,877,0.0004997702781111002,54,,
,878,0.0003575604932848364,54,,
,879,0.0004743836761917919,54,,
,879,,54,0.0010989581933245063,
0.001,880,,,,
,880,0.0009346969309262931,55,,
,881,0.0010906602256000042,55,,
,882,0.0012250627623870969,55,,
,883,0.0012263588141649961,55,,
,884,0.0006831811042502522,55,,
,885,0.0016852435655891895,55,,
,886,0.0014440061058849096,55,,
,887,0.0017118190880864859,55,,
,888,0.0007622739649377763,55,,
,889,0.000715525122359395,55,,
,890,0.0004328070499468595,55,,
,891,0.0006910009542480111,55,,
,892,0.0009902360616251826,55,,
,893,0.0005106110475026071,55,,
,894,0.00035797126474790275,55,,
,895,0.0005270655965432525,55,,
,895,,55,0.0011667339131236076,
0.001,896,,,,
,896,0.0009798286482691765,56,,
,897,0.0010838283924385905,56,,
,898,0.0012658799532800913,56,,
,899,0.0012006113538518548,56,,
,900,0.0006653481395915151,56,,
,901,0.001964787719771266,56,,
,902,0.0014331495622172952,56,,
,903,0.0018837950192391872,56,,
,904,0.0007659497205168009,56,,
,905,0.0006868530181236565,56,,
,906,0.0004234139050822705,56,,
,907,0.0006857330445200205,56,,
,908,0.000980186159722507,56,,
,909,0.0004985988489352167,56,,
,910,0.00036269245902076364,56,,
,911,0.0004554442421067506,56,,
,911,,56,0.0010950815631076694,
0.001,912,,,,
,912,0.0010300874710083008,57,,
,913,0.0011106422170996666,57,,
,914,0.001290426473133266,57,,
,915,0.001242609927430749,57,,
,916,0.0006705179694108665,57,,
,917,0.002011107048019767,57,,
,918,0.0015410117339342833,57,,
,919,0.0016270442865788937,57,,
,920,0.0007720324210822582,57,,
,921,0.0006857712869532406,57,,
,922,0.00044996716314926744,57,,
,923,0.000669612898491323,57,,
,924,0.0009756760555319488,57,,
,925,0.0005082124262116849,57,,
,926,0.00036075193202123046,57,,
,927,0.00045670985127799213,57,,
,927,,57,0.0011041848920285702,
0.001,928,,,,
,928,0.0010533351451158524,58,,
,929,0.0010958528146147728,58,,
,930,0.001273247180506587,58,,
,931,0.0012190768029540777,58,,
,932,0.0006583983195014298,58,,
,933,0.0018089493969455361,58,,
,934,0.001364557072520256,58,,
,935,0.0018008332699537277,58,,
,936,0.0007829120731912553,58,,
,937,0.0008139563724398613,58,,
,938,0.0004493936721701175,58,,
,939,0.0006893139216117561,58,,
,940,0.0009566607768647373,58,,
,941,0.0004985220148228109,58,,
,942,0.00035644680610857904,58,,
,943,0.0005872765323147178,58,,
,943,,58,0.0013117068447172642,
0.001,944,,,,
,944,0.0010434401920065284,59,,
,945,0.0010614892235025764,59,,
,946,0.0012716671917587519,59,,
,947,0.0012463658349588513,59,,
,948,0.0006669841823168099,59,,
,949,0.001714234589599073,59,,
,950,0.0013383356854319572,59,,
,951,0.0018644690280780196,59,,
,952,0.000767235120292753,59,,
,953,0.0006808353937231004,59,,
,954,0.00042573444079607725,59,,
,955,0.0006578880129382014,59,,
,956,0.0009595086448825896,59,,
,957,0.0005132065271027386,59,,
,958,0.00036996541894041,59,,
,959,0.000442538526840508,59,,
,959,,59,0.001085289753973484,
0.001,960,,,,
,960,0.0010039162589237094,60,,
,961,0.0010719278361648321,60,,
,962,0.0012647580588236451,60,,
,963,0.001247704611159861,60,,
,964,0.0006608114927075803,60,,
,965,0.0018035691464319825,60,,
,966,0.0011857900535687804,60,,
,967,0.0016699403058737516,60,,
,968,0.0007509508286602795,60,,
,969,0.0007248742622323334,60,,
,970,0.0004242636787239462,60,,
,971,0.0006799160037189722,60,,
,972,0.0009653629385866225,60,,
,973,0.0005197126301936805,60,,
,974,0.0003559781762305647,60,,
,975,0.0004918043850921094,60,,
,975,,60,0.001132471370510757,
0.001,976,,,,
,976,0.000992448884062469,61,,
,977,0.0011019888333976269,61,,
,978,0.0013185057323426008,61,,
,979,0.0012330393074080348,61,,
,980,0.000667358108330518,61,,
,981,0.001823596772737801,61,,
,982,0.0015170765109360218,61,,
,983,0.0016058587934821844,61,,
,984,0.0007528064306825399,61,,
,985,0.0006944048800505698,61,,
,986,0.00043090744293294847,61,,
,987,0.0006543803028762341,61,,
,988,0.0009617519099265337,61,,
,989,0.0005410096491687,61,,
,990,0.00036040067789144814,61,,
,991,0.0004711492802016437,61,,
,991,,61,0.0011334579903632402,
0.001,992,,,,
,992,0.0010280073620378971,62,,
,993,0.0010985636617988348,62,,
,994,0.0013114806497469544,62,,
,995,0.0012752211187034845,62,,
,996,0.000661365978885442,62,,
,997,0.0016842572949826717,62,,
,998,0.0011972483480349183,62,,
,999,0.0016373818507418036,62,,
,1000,0.0007528925780206919,62,,
,1001,0.000690906832460314,62,,
,1002,0.00042143018799833953,62,,
,1003,0.0006670340662822127,62,,
,1004,0.0009475181577727199,62,,
,1005,0.00048418930964544415,62,,
,1006,0.00035815444425679743,62,,
,1007,0.0004520306538324803,62,,
,1007,,62,0.001072034938260913,
0.001,1008,,,,
,1008,0.0009473797399550676,63,,
,1009,0.0011015348136425018,63,,
,1010,0.0012607421958819032,63,,
,1011,0.0012323962291702628,63,,
,1012,0.0006767402519471943,63,,
,1013,0.0015931518282741308,63,,
,1014,0.0015202196082100272,63,,
,1015,0.001698526437394321,63,,
,1016,0.0008078031823970377,63,,
,1017,0.0007083341479301453,63,,
,1018,0.00041493208846077323,63,,
,1019,0.000676998752169311,63,,
,1020,0.0009468038915656507,63,,
,1021,0.0005017512012273073,63,,
,1022,0.00034883758053183556,63,,
,1023,0.0005279280012473464,63,,
,1023,,63,0.001187334768474102,
0.001,1024,,,,
,1024,0.0009212919976562262,64,,
,1025,0.0010706529719755054,64,,
,1026,0.0012648788979277015,64,,
,1027,0.0012289852602407336,64,,
,1028,0.0006776388036087155,64,,
,1029,0.002021089429035783,64,,
,1030,0.001297478680498898,64,,
,1031,0.0018054707907140255,64,,
,1032,0.0007713286322541535,64,,
,1033,0.0006736741634085774,64,,
,1034,0.00040743863792158663,64,,
,1035,0.0006457743584178388,64,,
,1036,0.0009611534769646823,64,,
,1037,0.0005279365577735007,64,,
,1038,0.0003681302769109607,64,,
,1039,0.0004369892703834921,64,,
,1039,,64,0.0010691084899008274,
0.001,1040,,,,
,1040,0.0009630700806155801,65,,
,1041,0.0010720413411036134,65,,
,1042,0.001274229260161519,65,,
,1043,0.0012506031198427081,65,,
,1044,0.0006989903631620109,65,,
,1045,0.001692222896963358,65,,
,1046,0.0014935092767700553,65,,
,1047,0.001623324234969914,65,,
,1048,0.0007388759404420853,65,,
,1049,0.000666844833176583,65,,
,1050,0.0004208987520541996,65,,
,1051,0.0006565757212229073,65,,
,1052,0.0009573727729730308,65,,
,1053,0.0004904091474600136,65,,
,1054,0.0003472275857347995,65,,
,1055,0.0004755684931296855,65,,
,1055,,65,0.0010549792787060142,
0.001,1056,,,,
,1056,0.000948453089222312,66,,
,1057,0.0011236794525757432,66,,
,1058,0.0013012615963816643,66,,
,1059,0.0011852675816044211,66,,
,1060,0.0006606582901440561,66,,
,1061,0.0017701120814308524,66,,
,1062,0.0013641552068293095,66,,
,1063,0.0016840959433466196,66,,
,1064,0.0007190053584054112,66,,
,1065,0.0007328373612836003,66,,
,1066,0.0004201270639896393,66,,
,1067,0.0006703054532408714,66,,
,1068,0.0009472956880927086,66,,
,1069,0.0004977317876182497,66,,
,1070,0.00033558777067810297,66,,
,1071,0.0005342989461496472,66,,
,1071,,66,0.0012205702951177955,
0.001,1072,,,,
,1072,0.0010033177677541971,67,,
,1073,0.0010810887906700373,67,,
,1074,0.0013194169150665402,67,,
,1075,0.001250309171155095,67,,
,1076,0.0006776460213586688,67,,
,1077,0.0018344309646636248,67,,
,1078,0.0012398239923641086,67,,
,1079,0.0017319412436336279,67,,
,1080,0.0007689319900237024,67,,
,1081,0.0006785228033550084,67,,
,1082,0.00042242201743647456,67,,
,1083,0.0006514412234537303,67,,
,1084,0.0009318825323134661,67,,
,1085,0.0004953615716658533,67,,
,1086,0.0003522439219523221,67,,
,1087,0.0004288434865884483,67,,
,1087,,67,0.0010581966489553452,
0.001,1088,,,,
,1088,0.0009324418497271836,68,,
,1089,0.0010895036393776536,68,,
,1090,0.0013080266071483493,68,,
,1091,0.0011847716523334384,68,,
,1092,0.0006528605590574443,68,,
,1093,0.0015065517509356141,68,,
,1094,0.0016495680902153254,68,,
,1095,0.0015841475687921047,68,,
,1096,0.0007007663371041417,68,,
,1097,0.0006989092798903584,68,,
,1098,0.00040940940380096436,68,,
,1099,0.0006222736556082964,68,,
,1100,0.0009102777694351971,68,,
,1101,0.0004762202443089336,68,,
,1102,0.00034274577046744525,68,,
,1103,0.0005383040988817811,68,,
,1103,,68,0.0010845776414498687,
0.001,1104,,,,
,1104,0.0008454543421976268,69,,
,1105,0.0010789398802444339,69,,
,1106,0.0012591280974447727,69,,
,1107,0.0012057359563186765,69,,
,1108,0.0006734984344802797,69,,
,1109,0.0018369301687926054,69,,
,1110,0.0013405929785221815,69,,
,1111,0.0015910574002191424,69,,
,1112,0.0007322522578760982,69,,
,1113,0.0006828209734521806,69,,
,1114,0.00040067033842206,69,,
,1115,0.0006446641054935753,69,,
,1116,0.0009137080633081496,69,,
,1117,0.0004528684075921774,69,,
,1118,0.00034542978391982615,69,,
,1119,0.00043621635995805264,69,,
,1119,,69,0.0010153320617973804,
0.001,1120,,,,
,1120,0.0008888117736205459,70,,
,1121,0.0011018243385478854,70,,
,1122,0.0012186631793156266,70,,
,1123,0.0012156558223068714,70,,
,1124,0.0007235997472889721,70,,
,1125,0.0015032765222713351,70,,
,1126,0.0013386633945629,70,,
,1127,0.001422716537490487,70,,
,1128,0.0006914053810760379,70,,
,1129,0.0006627209368161857,70,,
,1130,0.00040341648855246603,70,,
,1131,0.0006039150757715106,70,,
,1132,0.0009210995631292462,70,,
,1133,0.0004819591122213751,70,,
,1134,0.00034440288436599076,70,,
,1135,0.000469254853669554,70,,
,1135,,70,0.0009978062007576227,
0.001,1136,,,,
,1136,0.0009225633693858981,71,,
,1137,0.0010974674951285124,71,,
,1138,0.0013169122394174337,71,,
,1139,0.0012464995961636305,71,,
,1140,0.0006888608331792057,71,,
,1141,0.0014839613577350974,71,,
,1142,0.001228505396284163,71,,
,1143,0.0013737361878156662,71,,
,1144,0.0006259236834011972,71,,
,1145,0.0006744511774741113,71,,
,1146,0.0004068704729434103,71,,
,1147,0.0006106136715970933,71,,
,1148,0.0009130944381467998,71,,
,1149,0.0005172064993530512,71,,
,1150,0.0003425350587349385,71,,
,1151,0.00036949003697372973,71,,
,1151,,71,0.0009413322550244629,
0.001,1152,,,,
,1152,0.0010494411690160632,72,,
,1153,0.0011253716656938195,72,,
,1154,0.0012749212328344584,72,,
,1155,0.001214480260387063,72,,
,1156,0.0006681845989078283,72,,
,1157,0.0015444901073351502,72,,
,1158,0.0013403781922534108,72,,
,1159,0.0015989562962204218,72,,
,1160,0.0007403924828395247,72,,
,1161,0.0006895429687574506,72,,
,1162,0.00038846302777528763,72,,
,1163,0.0005993045633658767,72,,
,1164,0.0009061985765583813,72,,
,1165,0.0004850870172958821,72,,
,1166,0.00031224399572238326,72,,
,1167,0.0005765125388279557,72,,
,1167,,72,0.0011277422308921814,
0.001,1168,,,,
,1168,0.0010215900838375092,73,,
,1169,0.001156851532869041,73,,
,1170,0.0013382226461544633,73,,
,1171,0.0012953677214682102,73,,
,1172,0.0006511904066428542,73,,
,1173,0.0014680814929306507,73,,
,1174,0.0012749796733260155,73,,
,1175,0.0014013403560966253,73,,
,1176,0.0007206922746263444,73,,
,1177,0.0008023101836442947,73,,
,1178,0.0003980253532063216,73,,
,1179,0.0006767963641323149,73,,
,1180,0.0009249497670680285,73,,
,1181,0.00045596150448545814,73,,
,1182,0.00034520975896157324,73,,
,1183,0.0005214157863520086,73,,
,1183,,73,0.0010667870519682765,
0.001,1184,,,,
,1184,0.0009723770199343562,74,,
,1185,0.001201396225951612,74,,
,1186,0.00138290342874825,74,,
,1187,0.0012224625097587705,74,,
,1188,0.0007087759440764785,74,,
,1189,0.0015731215244159102,74,,
,1190,0.0015289303846657276,74,,
,1191,0.001394194783642888,74,,
,1192,0.0006866614567115903,74,,
,1193,0.0006960909813642502,74,,
,1194,0.00040346014429815114,74,,
,1195,0.0005979008856229484,74,,
,1196,0.0009263622341677547,74,,
,1197,0.0004797983856406063,74,,
,1198,0.00033575616544112563,74,,
,1199,0.0004250396159477532,74,,
,1199,,74,0.0010381616884842515,
0.001,1200,,,,
,1200,0.0009968437952920794,75,,
,1201,0.0011379825882613659,75,,
,1202,0.001323079690337181,75,,
,1203,0.0013014515861868858,75,,
,1204,0.0006816211389377713,75,,
,1205,0.0015253957826644182,75,,
,1206,0.0014782794751226902,75,,
,1207,0.0015061449958011508,75,,
,1208,0.0007251789793372154,75,,
,1209,0.0006307861185632646,75,,
,1210,0.0003963793278671801,75,,
,1211,0.0006364946602843702,75,,
,1212,0.0009011904476210475,75,,
,1213,0.00045934750232845545,75,,
,1214,0.00035607515019364655,75,,
,1215,0.0004391852708067745,75,,
,1215,,75,0.00100641418248415,
0.001,1216,,,,
,1216,0.0008978716796264052,76,,
,1217,0.001115701743401587,76,,
,1218,0.0012567349476739764,76,,
,1219,0.0011931873159483075,76,,
,1220,0.0006692750612273812,76,,
,1221,0.0017505642026662827,76,,
,1222,0.001781099708750844,76,,
,1223,0.001574101159349084,76,,
,1224,0.0006832777289673686,76,,
,1225,0.0006532670231536031,76,,
,1226,0.0003936473513022065,76,,
,1227,0.0005481808912009001,76,,
,1228,0.0008862374234013259,76,,
,1229,0.0004081857914570719,76,,
,1230,0.000323394313454628,76,,
,1231,0.000457407149951905,76,,
,1231,,76,0.0009561852202750742,
0.001,1232,,,,
,1232,0.0009251277078874409,77,,
,1233,0.0010700550628826022,77,,
,1234,0.0012874067761003971,77,,
,1235,0.0012337747029960155,77,,
,1236,0.0006669557769782841,77,,
,1237,0.0017954378854483366,77,,
,1238,0.0011935916263610125,77,,
,1239,0.0014949128963053226,77,,
,1240,0.0006188856204971671,77,,
,1241,0.0006660279468633235,77,,
,1242,0.00036989152431488037,77,,
,1243,0.0005714961444027722,77,,
,1244,0.0008552015642635524,77,,
,1245,0.00039940900751389563,77,,
,1246,0.00033481299760751426,77,,
,1247,0.0004500134673435241,77,,
,1247,,77,0.0009231569129042327,
0.001,1248,,,,
,1248,0.000902523985132575,78,,
,1249,0.0011020388919860125,78,,
,1250,0.0012598828179761767,78,,
,1251,0.0012077575083822012,78,,
,1252,0.0006727249128744006,78,,
,1253,0.001493906951509416,78,,
,1254,0.0014160488499328494,78,,
,1255,0.0013654713984578848,78,,
,1256,0.0006690807640552521,78,,
,1257,0.0005384068354032934,78,,
,1258,0.00034706442966125906,78,,
,1259,0.0005243029445409775,78,,
,1260,0.0008224928751587868,78,,
,1261,0.0003625047393143177,78,,
,1262,0.0003021743323188275,78,,
,1263,0.00035261298762634397,78,,
,1263,,78,0.0007190319010987878,
0.001,1264,,,,
,1264,0.0007869517430663109,79,,
,1265,0.0011110755149275064,79,,
,1266,0.0013354960829019547,79,,
,1267,0.0012385626323521137,79,,
,1268,0.00065872713457793,79,,
,1269,0.0014225367922335863,79,,
,1270,0.001590571366250515,79,,
,1271,0.0011930168839171529,79,,
,1272,0.00058317108778283,79,,
,1273,0.0005027124425396323,79,,
,1274,0.00036684577935375273,79,,
,1275,0.0004497549671214074,79,,
,1276,0.0007748252246528864,79,,
,1277,0.00042088268673978746,79,,
,1278,0.00030293420422822237,79,,
,1279,0.00035618507536128163,79,,
,1279,,79,0.0006094860727898777,
0.001,1280,,,,
,1280,0.0009419859852641821,80,,
,1281,0.0011541348649188876,80,,
,1282,0.0012883072486147285,80,,
,1283,0.0012464177561923862,80,,
,1284,0.0006841914146207273,80,,
,1285,0.001469382899813354,80,,
,1286,0.0012030404759570956,80,,
,1287,0.0013995086774230003,80,,
,1288,0.0005007326835766435,80,,
,1289,0.0004914359888061881,80,,
,1290,0.0002800133661366999,80,,
,1291,0.00034550894633866847,80,,
,1292,0.0006919908919371665,80,,
,1293,0.00033189693931490183,80,,
,1294,0.00025016567087732255,80,,
,1295,0.00039572385139763355,80,,
,1295,,80,0.0004882589273620397,
0.001,1296,,,,
,1296,0.0009506532223895192,81,,
,1297,0.0011396491900086403,81,,
,1298,0.0013398134615272284,81,,
,1299,0.0013172709150239825,81,,
,1300,0.000647770008072257,81,,
,1301,0.001528544700704515,81,,
,1302,0.0010499113705009222,81,,
,1303,0.0012936264974996448,81,,
,1304,0.0006369776092469692,81,,
,1305,0.0004447924729902297,81,,
,1306,0.00031173485331237316,81,,
,1307,0.0004082599189132452,81,,
,1308,0.0008000333327800035,81,,
,1309,0.00042871091864071786,81,,
,1310,0.00026428120327182114,81,,
,1311,0.0002715149021241814,81,,
,1311,,81,0.0005135955289006233,
0.001,1312,,,,
,1312,0.0010124718537554145,82,,
,1313,0.0012156813172623515,82,,
,1314,0.0014013302279636264,82,,
,1315,0.0012344548013061285,82,,
,1316,0.0007060898933559656,82,,
,1317,0.0018569811945781112,82,,
,1318,0.0013830598909407854,82,,
,1319,0.0012407803442329168,82,,
,1320,0.0011773196747526526,82,,
,1321,0.0012062503956258297,82,,
,1322,0.00035290457890369,82,,
,1323,0.0003390485071577132,82,,
,1324,0.0007325068581849337,82,,
,1325,0.0006881417357362807,82,,
,1326,0.00038357326411642134,82,,
,1327,0.0011182521702721715,82,,
,1327,,82,0.0009512539254501462,
0.001,1328,,,,
,1328,0.001109180855564773,83,,
,1329,0.0011636026902124286,83,,
,1330,0.0014038445660844445,83,,
,1331,0.0013587556313723326,83,,
,1332,0.0006932533578947186,83,,
,1333,0.0014558451948687434,83,,
,1334,0.0011582514271140099,83,,
,1335,0.0015318944351747632,83,,
,1336,0.0006916675483807921,83,,
,1337,0.0007212924538180232,83,,
,1338,0.00037502936902455986,83,,
,1339,0.0005723306676372886,83,,
,1340,0.0008940748521126807,83,,
,1341,0.0004796605498995632,83,,
,1342,0.0003593646688386798,83,,
,1343,0.0006413644296117127,83,,
,1343,,83,0.0009591844864189625,
0.001,1344,,,,
,1344,0.001124888309277594,84,,
,1345,0.0012431939831003547,84,,
,1346,0.001405901275575161,84,,
,1347,0.0012543692719191313,84,,
,1348,0.000684478844050318,84,,
,1349,0.00139043596573174,84,,
,1350,0.0010674099903553724,84,,
,1351,0.001170299481600523,84,,
,1352,0.0006595693994313478,84,,
,1353,0.0006675017648376524,84,,
,1354,0.00043136789463460445,84,,
,1355,0.0006005157483741641,84,,
,1356,0.0008786285761743784,84,,
,1357,0.00043765822192654014,84,,
,1358,0.00029439537320286036,84,,
,1359,0.00037946790689602494,84,,
,1359,,84,0.0009358324459753931,
0.001,1360,,,,
,1360,0.0009018835844472051,85,,
,1361,0.0010864747455343604,85,,
,1362,0.0012888695346191525,85,,
,1363,0.0012322630500420928,85,,
,1364,0.0006519226590171456,85,,
,1365,0.001302744960412383,85,,
,1366,0.0010662840213626623,85,,
,1367,0.0013060793280601501,85,,
,1368,0.0007196248625405133,85,,
,1369,0.0005391070735640824,85,,
,1370,0.0003930877719540149,85,,
,1371,0.00047831505071371794,85,,
,1372,0.00070769531885162,85,,
,1373,0.0004092390008736402,85,,
,1374,0.00030666543170809746,85,,
,1375,0.00034495090949349105,85,,
,1375,,85,0.0006965047214180231,
0.001,1376,,,,
,1376,0.0008313505095429718,86,,
,1377,0.001070366008207202,86,,
,1378,0.0012854861561208963,86,,
,1379,0.001241067424416542,86,,
,1380,0.0006764220888726413,86,,
,1381,0.0016918014734983444,86,,
,1382,0.0011681376490741968,86,,
,1383,0.0013136009220033884,86,,
,1384,0.0004964367835782468,86,,
,1385,0.0005226205685175955,86,,
,1386,0.0003122382622677833,86,,
,1387,0.0003921466995961964,86,,
,1388,0.0006986988009884953,86,,
,1389,0.0003677892964333296,86,,
,1390,0.00029990702751092613,86,,
,1391,0.00031733635114505887,86,,
,1391,,86,0.0005727586685679853,
0.001,1392,,,,
,1392,0.0010227146558463573,87,,
,1393,0.0011009352747350931,87,,
,1394,0.0013191382167860866,87,,
,1395,0.0012211932335048914,87,,
,1396,0.0006629241979680955,87,,
,1397,0.0023312708362936974,87,,
,1398,0.0011034136405214667,87,,
,1399,0.0011970584746450186,87,,
,1400,0.0004920628271065652,87,,
,1401,0.0005864592385478318,87,,
,1402,0.00034548170515336096,87,,
,1403,0.0005102456198073924,87,,
,1404,0.0007261206628754735,87,,
,1405,0.00029360767803154886,87,,
,1406,0.00025746060418896377,87,,
,1407,0.00038164551369845867,87,,
,1407,,87,0.0006626808899454772,
0.001,1408,,,,
,1408,0.0009048859355971217,88,,
,1409,0.0010827007936313748,88,,
,1410,0.0013507704716175795,88,,
,1411,0.0012524842750281096,88,,
,1412,0.0006506110657937825,88,,
,1413,0.001362996525131166,88,,
,1414,0.0008673628326505423,88,,
,1415,0.001262727309949696,88,,
,1416,0.0005076358211226761,88,,
,1417,0.00046156614553183317,88,,
,1418,0.00036793030449189246,88,,
,1419,0.0004836714651901275,88,,
,1420,0.000682079466059804,88,,
,1421,0.0002671757247298956,88,,
,1422,0.0002723696525208652,88,,
,1423,0.00024948109057731926,88,,
,1423,,88,0.0005288377869874239,
0.001,1424,,,,
,1424,0.0009218700579367578,89,,
,1425,0.0010507561964914203,89,,
,1426,0.001273630652576685,89,,
,1427,0.0011896006762981415,89,,
,1428,0.0006667303969152272,89,,
,1429,0.0015582593623548746,89,,
,1430,0.0009562666527926922,89,,
,1431,0.0012620496563613415,89,,
,1432,0.0004352388787083328,89,,
,1433,0.00036621495382860303,89,,
,1434,0.0002180536394007504,89,,
,1435,0.00032143195858225226,89,,
,1436,0.0005898992531001568,89,,
,1437,0.0003477661230135709,89,,
,1438,0.00023655376571696252,89,,
,1439,0.00029442415689118207,89,,
,1439,,89,0.0005159146967343986,
0.001,1440,,,,
,1440,0.0009323173435404897,90,,
,1441,0.0010751085355877876,90,,
,1442,0.0013068884145468473,90,,
,1443,0.0012130335671827197,90,,
,1444,0.0006647135014645755,90,,
,1445,0.0015745117561891675,90,,
,1446,0.000913953292183578,90,,
,1447,0.0013219319516792893,90,,
,1448,0.00037138222251087427,90,,
,1449,0.0004433587018866092,90,,
,1450,0.000272824865533039,90,,
,1451,0.0002515969390515238,90,,
,1452,0.0004823744238819927,90,,
,1453,0.00019769903155975044,90,,
,1454,0.0002101973514072597,90,,
,1455,0.00040643016109243035,90,,
,1455,,90,0.0006218263879418373,
0.001,1456,,,,
,1456,0.0008895679493434727,91,,
,1457,0.0010723356390371919,91,,
,1458,0.0013424035860225558,91,,
,1459,0.001274180132895708,91,,
,1460,0.0006590438424609601,91,,
,1461,0.0012748962035402656,91,,
,1462,0.0006033283425495028,91,,
,1463,0.0009053620742633939,91,,
,1464,0.0002924735308624804,91,,
,1465,0.00032278112485073507,91,,
,1466,0.0002241917245555669,91,,
,1467,0.0003146064991597086,91,,
,1468,0.0004904625820927322,91,,
,1469,0.0002924806613009423,91,,
,1470,0.00017708908126223832,91,,
,1471,0.00023819139460101724,91,,
,1471,,91,0.000757806294132024,
0.001,1472,,,,
,1472,0.0009261449449695647,92,,
,1473,0.0010869052493944764,92,,
,1474,0.0013571010204032063,92,,
,1475,0.0011882793623954058,92,,
,1476,0.0006618398474529386,92,,
,1477,0.0012211990542709827,92,,
,1478,0.0007463909569196403,92,,
,1479,0.0008992915973067284,92,,
,1480,0.00029586959863081574,92,,
,1481,0.00034026263165287673,92,,
,1482,0.00019408079970162362,92,,
,1483,0.00023603366571478546,92,,
,1484,0.00040687411092221737,92,,
,1485,0.00019771493680309504,92,,
,1486,0.00014523758727591485,92,,
,1487,0.0004004636430181563,92,,
,1487,,92,0.0006755799986422062,
0.001,1488,,,,
,1488,0.0008884253329597414,93,,
,1489,0.0010591769823804498,93,,
,1490,0.0013190933968871832,93,,
,1491,0.0012672734446823597,93,,
,1492,0.0006695289630442858,93,,
,1493,0.0012604633811861277,93,,
,1494,0.001059222617186606,93,,
,1495,0.0008169787470251322,93,,
,1496,0.00033613009145483375,93,,
,1497,0.0003391300851944834,93,,
,1498,0.0001706182665657252,93,,
,1499,0.00019409158267080784,93,,
,1500,0.0003975345753133297,93,,
,1501,0.00029142224229872227,93,,
,1502,0.0002007317525567487,93,,
,1503,0.00025992770679295063,93,,
,1503,,93,0.0006543317576870322,
0.001,1504,,,,
,1504,0.0010133105097338557,94,,
,1505,0.0010969609720632434,94,,
,1506,0.0012930756201967597,94,,
,1507,0.001218700665049255,94,,
,1508,0.0006571648991666734,94,,
,1509,0.0011736999731510878,94,,
,1510,0.0008095235680229962,94,,
,1511,0.0007517891936004162,94,,
,1512,0.000323896441841498,94,,
,1513,0.00047855498269200325,94,,
,1514,0.00021534865663852543,94,,
,1515,0.00023852157755754888,94,,
,1516,0.0004479261697269976,94,,
,1517,0.00022749898198526353,94,,
,1518,0.00013104356185067445,94,,
,1519,0.00033962115412577987,94,,
,1519,,94,0.0005732180434279144,
0.001,1520,,,,
,1520,0.0008864433621056378,95,,
,1521,0.0011193506652489305,95,,
,1522,0.001321679330430925,95,,
,1523,0.0012717046774923801,95,,
,1524,0.0006689562578685582,95,,
,1525,0.0010590114397928119,95,,
,1526,0.0006287622381933033,95,,
,1527,0.000759818300139159,95,,
,1528,0.00033963611349463463,95,,
,1529,0.00021342946274671704,95,,
,1530,0.00018259978969581425,95,,
,1531,0.00024463588488288224,95,,
,1532,0.00038970386958681047,95,,
,1533,0.0002413080510450527,95,,
,1534,0.00016599934315308928,95,,
,1535,0.00016668789612594992,95,,
,1535,,95,0.0017525447765365243,
0.001,1536,,,,
,1536,0.0009435936808586121,96,,
,1537,0.001113432226702571,96,,
,1538,0.0013312723021954298,96,,
,1539,0.0012083975598216057,96,,
,1540,0.0006702598766423762,96,,
,1541,0.0012265726691111922,96,,
,1542,0.0005609205109067261,96,,
,1543,0.0007059419876895845,96,,
,1544,0.00027222177595831454,96,,
,1545,0.00016400663298554718,96,,
,1546,0.00017236944404430687,96,,
,1547,0.0002147417253581807,96,,
,1548,0.00028164612012915313,96,,
,1549,0.00012868974590674043,96,,
,1550,0.00012577555025927722,96,,
,1551,9.910875087371096e-05,96,,
,1551,,96,0.0011941071134060621,
0.001,1552,,,,
,1552,0.0007448631222359836,97,,
,1553,0.0010602306574583054,97,,
,1554,0.00130633101798594,97,,
,1555,0.0012557086301967502,97,,
,1556,0.0007090665167197585,97,,
,1557,0.0012678136117756367,97,,
,1558,0.0004586201685015112,97,,
,1559,0.0007917849579825997,97,,
,1560,0.0003026642953045666,97,,
,1561,0.0001782456529326737,97,,
,1562,0.0001340279559371993,97,,
,1563,0.0002422929828753695,97,,
,1564,0.0003034980909433216,97,,
,1565,0.00016150077863130718,97,,
,1566,0.0001425645314157009,97,,
,1567,0.00016094109741970897,97,,
,1567,,97,0.0008535225642845035,
0.001,1568,,,,
,1568,0.0008809931459836662,98,,
,1569,0.0011063121492043138,98,,
,1570,0.001396072213537991,98,,
,1571,0.0011803127126768231,98,,
,1572,0.0007017377065494657,98,,
,1573,0.00118722312618047,98,,
,1574,0.0006481142481788993,98,,
,1575,0.000714169058483094,98,,
,1576,0.00034999026684090495,98,,
,1577,0.00027485721511766315,98,,
,1578,0.0001851555280154571,98,,
,1579,0.00012462014274206012,98,,
,1580,0.0003877846465911716,98,,
,1581,0.00023895452613942325,98,,
,1582,0.00019105039245914668,98,,
,1583,0.00037466842331923544,98,,
,1583,,98,0.0007856222800910473,
0.001,1584,,,,
,1584,0.0008472309564240277,99,,
,1585,0.0011083519784733653,99,,
,1586,0.0012898602290078998,99,,
,1587,0.0012586824595928192,99,,
,1588,0.0006514240521937609,99,,
,1589,0.0012807670282199979,99,,
,1590,0.0007598110823892057,99,,
,1591,0.0007460066699422896,99,,
,1592,0.000439442548668012,99,,
,1593,0.00033279432682320476,99,,
,1594,0.00026444130344316363,99,,
,1595,0.0003237233904656023,99,,
,1596,0.00047673803055658937,99,,
,1597,0.00020033519831486046,99,,
,1598,0.0001879286573966965,99,,
,1599,0.00025546582764945924,99,,
,1599,,99,0.000793467101175338,
0.001,1600,,,,
,1600,0.0007821145700290799,100,,
,1601,0.0010599701199680567,100,,
,1602,0.0013418167363852262,100,,
,1603,0.0012298603542149067,100,,
,1604,0.0006519921007566154,100,,
,1605,0.0011825504479929805,100,,
,1606,0.0008960181730799377,100,,
,1607,0.0009134593419730663,100,,
,1608,0.0002185207122238353,100,,
,1609,0.00022297754185274243,100,,
,1610,0.00016585121920797974,100,,
,1611,0.00020086401491425931,100,,
,1612,0.0004036717291455716,100,,
,1613,0.00020220792794134468,100,,
,1614,0.00013485027011483908,100,,
,1615,0.0002454602799843997,100,,
,1615,,100,0.0007872894057072699,
0.001,1616,,,,
,1616,0.0009648776613175869,101,,
,1617,0.0010921370703727007,101,,
,1618,0.0012900367146357894,101,,
,1619,0.001212408416904509,101,,
,1620,0.000663698127027601,101,,
,1621,0.0017894969787448645,101,,
,1622,0.0007796279969625175,101,,
,1623,0.0009554550051689148,101,,
,1624,0.0002112455404130742,101,,
,1625,0.00030311307637020946,101,,
,1626,0.00015587342204526067,101,,
,1627,0.00029816204914823174,101,,
,1628,0.0003657144261524081,101,,
,1629,0.0001983368129003793,101,,
,1630,0.00012210456770844758,101,,
,1631,0.00018524003098718822,101,,
,1631,,101,0.0006057039718143642,
0.001,1632,,,,
,1632,0.0009028734057210386,102,,
,1633,0.001165985595434904,102,,
,1634,0.001317150890827179,102,,
,1635,0.0012791354674845934,102,,
,1636,0.0006984155625104904,102,,
,1637,0.0011624129256233573,102,,
,1638,0.0007796293357387185,102,,
,1639,0.0008038764935918152,102,,
,1640,0.0003813182411249727,102,,
,1641,0.00034512937418185174,102,,
,1642,0.00019395299023017287,102,,
,1643,0.0001462092186557129,102,,
,1644,0.0003615940222516656,102,,
,1645,0.0001794195268303156,102,,
,1646,0.00015943370817694813,102,,
,1647,0.0004842698108404875,102,,
,1647,,102,0.001071430742740631,
0.001,1648,,,,
,1648,0.00087543431436643,103,,
,1649,0.0011859963415190578,103,,
,1650,0.0013707660837098956,103,,
,1651,0.0012233314337208867,103,,
,1652,0.0007169809541665018,103,,
,1653,0.0011745734373107553,103,,
,1654,0.00043509958777576685,103,,
,1655,0.0005684445495717227,103,,
,1656,0.00016493450675625354,103,,
,1657,0.00014262027980294079,103,,
,1658,0.00014662728062830865,103,,
,1659,0.0001748024224070832,103,,
,1660,0.00037052377592772245,103,,
,1661,0.00016357212734874338,103,,
,1662,0.00012288815923966467,103,,
,1663,0.0001378879533149302,103,,
,1663,,103,0.00021626493253279477,
0.001,1664,,,,
,1664,0.0008701567421667278,104,,
,1665,0.001080251531675458,104,,
,1666,0.0013159924419596791,104,,
,1667,0.001250925357453525,104,,
,1668,0.0006952261901460588,104,,
,1669,0.0013255231315270066,104,,
,1670,0.0003874625836033374,104,,
,1671,0.0005137249827384949,104,,
,1672,0.00017487099103163928,104,,
,1673,0.00015737905050627887,104,,
,1674,0.00011095609079347923,104,,
,1675,0.0001440198248019442,104,,
,1676,0.00033040318521670997,104,,
,1677,0.00013716398098040372,104,,
,1678,9.590262925485149e-05,104,,
,1679,0.00013939166092313826,104,,
,1679,,104,0.0006275317864492536,
0.001,1680,,,,
,1680,0.0009948806837201118,105,,
,1681,0.001090804929845035,105,,
,1682,0.0012719733640551567,105,,
,1683,0.0012095432030037045,105,,
,1684,0.0006572489510290325,105,,
,1685,0.0009608565014787018,105,,
,1686,0.00036519276909530163,105,,
,1687,0.000470022700028494,105,,
,1688,0.0001729710347717628,105,,
,1689,0.0001678720145719126,105,,
,1690,9.263264655601233e-05,105,,
,1691,0.00016269160551019013,105,,
,1692,0.00024410044716205448,105,,
,1693,0.00012342361151240766,105,,
,1694,9.348776075057685e-05,105,,
,1695,8.82498497958295e-05,105,,
,1695,,105,0.0006228559650480747,
0.001,1696,,,,
,1696,0.0007788440561853349,106,,
,1697,0.0010519957868382335,106,,
,1698,0.0013102918164804578,106,,
,1699,0.001264299382455647,106,,
,1700,0.000705875747371465,106,,
,1701,0.0010130603332072496,106,,
,1702,0.0003531360998749733,106,,
,1703,0.00046850673970766366,106,,
,1704,0.00026358457398600876,106,,
,1705,0.00022963083756621927,106,,
,1706,0.00013853465497959405,106,,
,1707,0.00014290686522144824,106,,
,1708,0.00023450161097571254,106,,
,1709,0.00018877352704294026,106,,
,1710,0.0001422448258381337,106,,
,1711,0.00016247188614215702,106,,
,1711,,106,0.0006854218081571162,
0.001,1712,,,,
,1712,0.0008491233456879854,107,,
,1713,0.001056985347531736,107,,
,1714,0.0012569534592330456,107,,
,1715,0.0011983156437054276,107,,
,1716,0.0006469232612289488,107,,
,1717,0.0010849999962374568,107,,
,1718,0.0002680523903109133,107,,
,1719,0.000534817052539438,107,,
,1720,0.00021897298574913293,107,,
,1721,0.0001956299238372594,107,,
,1722,0.0001437757455278188,107,,
,1723,0.0002030349860433489,107,,
,1724,0.00026443772367201746,107,,
,1725,0.0001320203737122938,107,,
,1726,9.400643466506153e-05,107,,
,1727,0.00022063020151108503,107,,
,1727,,107,0.0004948879359290004,
0.001,1728,,,,
,1728,0.0009755418868735433,108,,
,1729,0.0010771817760542035,108,,
,1730,0.0013092426816001534,108,,
,1731,0.0012462211307138205,108,,
,1732,0.0006744601996615529,108,,
,1733,0.0014296799199655652,108,,
,1734,0.0004096614138688892,108,,
,1735,0.00047450800775550306,108,,
,1736,0.00011374399036867544,108,,
,1737,0.00011417739005992189,108,,
,1738,6.449619831983e-05,108,,
,1739,0.00012561275798361748,108,,
,1740,0.0001825477957027033,108,,
,1741,0.00013473423314280808,108,,
,1742,7.38667295081541e-05,108,,
,1743,6.364770524669439e-05,108,,
,1743,,108,0.0003550394903868437,
0.001,1744,,,,
,1744,0.0008035459904931486,109,,
,1745,0.0010692209471017122,109,,
,1746,0.0012921270681545138,109,,
,1747,0.001184658845886588,109,,
,1748,0.0006173441070131958,109,,
,1749,0.0009784038411453366,109,,
,1750,0.00033708149567246437,109,,
,1751,0.0003756257938221097,109,,
,1752,0.00010567912249825895,109,,
,1753,0.00013556098565459251,109,,
,1754,0.0001195055665448308,109,,
,1755,0.00011886601714650169,109,,
,1756,0.00018882108270190656,109,,
,1757,9.524634515400976e-05,109,,
,1758,6.676399789284915e-05,109,,
,1759,7.979747169883922e-05,109,,
,1759,,109,0.00034676602808758616,
0.001,1760,,,,
,1760,0.0008722166530787945,110,,
,1761,0.0010806284844875336,110,,
,1762,0.00128895603120327,110,,
,1763,0.0012213154695928097,110,,
,1764,0.000654378964100033,110,,
,1765,0.001133421901613474,110,,
,1766,0.0004903544904664159,110,,
,1767,0.00043415205436758697,110,,
,1768,0.00014314439613372087,110,,
,1769,0.00014191183436196297,110,,
,1770,0.00010746867337729782,110,,
,1771,8.758663170738146e-05,110,,
,1772,0.00024268895504064858,110,,
,1773,0.00012981847976334393,110,,
,1774,7.525763066951185e-05,110,,
,1775,8.092074131127447e-05,110,,
,1775,,110,0.00021402562560979277,
0.001,1776,,,,
,1776,0.0009769231546670198,111,,
,1777,0.0010460767662152648,111,,
,1778,0.0013197228545323014,111,,
,1779,0.0011871254537254572,111,,
,1780,0.0006575183942914009,111,,
,1781,0.0010498613119125366,111,,
,1782,0.0003227284469176084,111,,
,1783,0.0003966352669522166,111,,
,1784,0.0001007688042591326,111,,
,1785,0.00012732566392514855,111,,
,1786,8.156514377333224e-05,111,,
,1787,9.159713954431936e-05,111,,
,1788,0.00023944146232679486,111,,
,1789,9.28104855120182e-05,111,,
,1790,8.035389328142628e-05,111,,
,1791,8.699970931047574e-05,111,,
,1791,,111,0.00023835765023250133,
0.001,1792,,,,
,1792,0.0007496442995034158,112,,
,1793,0.001079857931472361,112,,
,1794,0.0012951657408848405,112,,
,1795,0.0011856231139972806,112,,
,1796,0.000661726575344801,112,,
,1797,0.0009869217174127698,112,,
,1798,0.0004418655298650265,112,,
,1799,0.0004332184325903654,112,,
,1800,0.00018852220091503114,112,,
,1801,0.00014228526561055332,112,,
,1802,0.00011107681348221377,112,,
,1803,0.00010613270569592714,112,,
,1804,0.00021637078316416591,112,,
,1805,0.00012700275692623109,112,,
,1806,7.520313374698162e-05,112,,
,1807,0.00017510676116216928,112,,
,1807,,112,0.000201067712623626,
0.001,1808,,,,
,1808,0.0007613927009515464,113,,
,1809,0.0010529744904488325,113,,
,1810,0.0012779379030689597,113,,
,1811,0.0012440603459253907,113,,
,1812,0.0006550364196300507,113,,
,1813,0.0009204370435327291,113,,
,1814,0.00047922987141646445,113,,
,1815,0.00032709367224015296,113,,
,1816,0.00012049475481035188,113,,
,1817,7.417735469061881e-05,113,,
,1818,9.294118353864178e-05,113,,
,1819,0.00010470688721397892,113,,
,1820,0.00016112381126731634,113,,
,1821,9.050150401890278e-05,113,,
,1822,4.645949957193807e-05,113,,
,1823,0.00018019916024059057,113,,
,1823,,113,0.0004689084889832884,
0.001,1824,,,,
,1824,0.0007678080000914633,114,,
,1825,0.0011114352382719517,114,,
,1826,0.001294005662202835,114,,
,1827,0.0011880192905664444,114,,
,1828,0.0006560338661074638,114,,
,1829,0.0009545963839627802,114,,
,1830,0.0003273594193160534,114,,
,1831,0.00036534472019411623,114,,
,1832,0.00012346223229542375,114,,
,1833,8.793439337750897e-05,114,,
,1834,9.521605534246191e-05,114,,
,1835,0.0001238297118106857,114,,
,1836,0.0002095703675877303,114,,
,1837,9.591396519681439e-05,114,,
,1838,7.376344001386315e-05,114,,
,1839,0.00011772146535804495,114,,
,1839,,114,0.00021979674056638032,
0.001,1840,,,,
,1840,0.0008529194165021181,115,,
,1841,0.0011196599807590246,115,,
,1842,0.001328415353782475,115,,
,1843,0.001263745711185038,115,,
,1844,0.0006636730977334082,115,,
,1845,0.001041979412548244,115,,
,1846,0.00031485932413488626,115,,
,1847,0.0002952858339995146,115,,
,1848,0.00018644376541487873,115,,
,1849,0.0001373401755699888,115,,
,1850,7.01577591826208e-05,115,,
,1851,0.00013249240873847157,115,,
,1852,0.00017305207438766956,115,,
,1853,0.00011007959983544424,115,,
,1854,0.00013672973727807403,115,,
,1855,0.00011270560935372487,115,,
,1855,,115,0.00022756656107958406,
0.001,1856,,,,
,1856,0.0009078437578864396,116,,
,1857,0.0011741024209186435,116,,
,1858,0.0013690231135115027,116,,
,1859,0.0012331025209277868,116,,
,1860,0.0006881265435367823,116,,
,1861,0.0010706138564273715,116,,
,1862,0.000374995288439095,116,,
,1863,0.000319739046972245,116,,
,1864,0.00020070387108717114,116,,
,1865,0.00011262335465289652,116,,
,1866,8.928950410336256e-05,116,,
,1867,0.00013725741882808506,116,,
,1868,0.0002745728997979313,116,,
,1869,0.00016846669313963503,116,,
,1870,0.00011870655725942925,116,,
,1871,0.00017228284559678286,116,,
,1871,,116,0.0001680620334809646,
0.001,1872,,,,
,1872,0.0008938547107391059,117,,
,1873,0.001134062884375453,117,,
,1874,0.0013169439043849707,117,,
,1875,0.0013068725820630789,117,,
,1876,0.000671057146973908,117,,
,1877,0.0010475703747943044,117,,
,1878,0.0002665791835170239,117,,
,1879,0.0003617159090936184,117,,
,1880,0.0003313816268928349,117,,
,1881,0.0002656365395523608,117,,
,1882,0.0001871124404715374,117,,
,1883,0.0001238454569829628,117,,
,1884,0.00019950472051277757,117,,
,1885,0.0001440852793166414,117,,
,1886,9.649610728956759e-05,117,,
,1887,0.0002682508493307978,117,,
,1887,,117,0.0004416372103150934,
0.001,1888,,,,
,1888,0.0009142307098954916,118,,
,1889,0.001080632209777832,118,,
,1890,0.001303585129790008,118,,
,1891,0.0012449614005163312,118,,
,1892,0.0006793828215450048,118,,
,1893,0.001096114399842918,118,,
,1894,0.0003104756760876626,118,,
,1895,0.00029631523648276925,118,,
,1896,0.00014365868992172182,118,,
,1897,0.0001574192283442244,118,,
,1898,9.626532846596092e-05,118,,
,1899,0.00013345236948225647,118,,
,1900,0.00019995890033897012,118,,
,1901,9.22159815672785e-05,118,,
,1902,6.682461389573291e-05,118,,
,1903,0.00012482117745094,118,,
,1903,,118,0.0002022068074438721,
0.001,1904,,,,
,1904,0.0008613406680524349,119,,
,1905,0.0010576662607491016,119,,
,1906,0.0012777340598404408,119,,
,1907,0.0012612768914550543,119,,
,1908,0.0006516653229482472,119,,
,1909,0.000935891701374203,119,,
,1910,0.0002238081651739776,119,,
,1911,0.000299930979963392,119,,
,1912,0.00011518544488353655,119,,
,1913,0.00013749278150498867,119,,
,1914,9.196003520628437e-05,119,,
,1915,9.739535016706213e-05,119,,
,1916,0.00022434981656260788,119,,
,1917,9.548342495691031e-05,119,,
,1918,6.304321868810803e-05,119,,
,1919,7.620266114827245e-05,119,,
,1919,,119,0.00021155693684704602,
0.001,1920,,,,
,1920,0.0007971834857016802,120,,
,1921,0.0010604169219732285,120,,
,1922,0.0013141202507540584,120,,
,1923,0.0012164595536887646,120,,
,1924,0.0006457683048211038,120,,
,1925,0.0010149379959329963,120,,
,1926,0.000431773136369884,120,,
,1927,0.0002972175134345889,120,,
,1928,0.00017274782294407487,120,,
,1929,0.00013793876860290766,120,,
,1930,9.143535135081038e-05,120,,
,1931,7.924599049147218e-05,120,,
,1932,0.0002582324668765068,120,,
,1933,0.0001360415481030941,120,,
,1934,7.984272087924182e-05,120,,
,1935,0.00015496289415750653,120,,
,1935,,120,0.00034604629036039114,
0.001,1936,,,,
,1936,0.0007813314441591501,121,,
,1937,0.0010664294240996242,121,,
,1938,0.0012770589673891664,121,,
,1939,0.0012012089136987925,121,,
,1940,0.0006416209507733583,121,,
,1941,0.0009521222091279924,121,,
,1942,0.00034015695564448833,121,,
,1943,0.0003092534316238016,121,,
,1944,0.00014305399963632226,121,,
,1945,9.535736171528697e-05,121,,
,1946,8.836934284772724e-05,121,,
,1947,0.00010477957403054461,121,,
,1948,0.0002827574498951435,121,,
,1949,7.105791155481711e-05,121,,
,1950,6.021584340487607e-05,121,,
,1951,8.619559230282903e-05,121,,
,1951,,121,0.00013707888138014823,
0.001,1952,,,,
,1952,0.0007736096158623695,122,,
,1953,0.0010989282745867968,122,,
,1954,0.0013008767273277044,122,,
,1955,0.0012424226151779294,122,,
,1956,0.0006626525428146124,122,,
,1957,0.0008739276672713459,122,,
,1958,0.00027897467953152955,122,,
,1959,0.0003224901156499982,122,,
,1960,0.00012921933375764638,122,,
,1961,0.00011250538227614015,122,,
,1962,7.982811075635254e-05,122,,
,1963,7.995979831321165e-05,122,,
,1964,0.00017437737551517785,122,,
,1965,6.986359221627936e-05,122,,
,1966,4.791500396095216e-05,122,,
,1967,4.7222514695022255e-05,122,,
,1967,,122,0.0001654044899623841,
0.001,1968,,,,
,1968,0.0008733153808861971,123,,
,1969,0.0010771654779091477,123,,
,1970,0.0013277089456096292,123,,
,1971,0.0012043919414281845,123,,
,1972,0.0006472485838457942,123,,
,1973,0.0008759495685808361,123,,
,1974,0.00022946673561818898,123,,
,1975,0.00030435118242166936,123,,
,1976,0.0001599823299329728,123,,
,1977,0.0001801868056645617,123,,
,1978,8.776139293331653e-05,123,,
,1979,9.971977124223486e-05,123,,
,1980,0.00019675138173624873,123,,
,1981,0.00011082125274697319,123,,
,1982,6.277541979216039e-05,123,,
,1983,0.00014647682837676257,123,,
,1983,,123,0.00018252560403198004,
0.001,1984,,,,
,1984,0.00077457120642066,124,,
,1985,0.0010363130131736398,124,,
,1986,0.0013021593913435936,124,,
,1987,0.0012471931986510754,124,,
,1988,0.0006420836434699595,124,,
,1989,0.0008552850340493023,124,,
,1990,0.00024038314586505294,124,,
,1991,0.0002303648361703381,124,,
,1992,0.00010773460962809622,124,,
,1993,0.00011584706226130947,124,,
,1994,6.72035021125339e-05,124,,
,1995,9.239227074431255e-05,124,,
,1996,0.0001396449952153489,124,,
,1997,6.218942871782929e-05,124,,
,1998,4.7909070417517796e-05,124,,
,1999,4.9389524065190926e-05,124,,
,1999,,124,0.0001382376649416983,
0.001,2000,,,,
,2000,0.0007405664073303342,125,,
,2001,0.0010465693194419146,125,,
,2002,0.0012525629717856646,125,,
,2003,0.0011978221591562033,125,,
,2004,0.0006680865189991891,125,,
,2005,0.0008527467725798488,125,,
,2006,0.0004153048212174326,125,,
,2007,0.0002390605368418619,125,,
,2008,0.00010862761700991541,125,,
,2009,9.645847603678703e-05,125,,
,2010,6.97038703947328e-05,125,,
,2011,9.586671512806788e-05,125,,
,2012,0.00014099942927714437,125,,
,2013,6.254258187254891e-05,125,,
,2014,4.7360565076814964e-05,125,,
,2015,5.6065571698127314e-05,125,,
,2015,,125,0.0001307426136918366,
0.001,2016,,,,
,2016,0.0009357700473628938,126,,
,2017,0.0010475177550688386,126,,
,2018,0.0013422779738903046,126,,
,2019,0.0011865776032209396,126,,
,2020,0.0006574203725904226,126,,
,2021,0.0009754916536621749,126,,
,2022,0.00023664750915486366,126,,
,2023,0.00024115077394526452,126,,
,2024,9.281760139856488e-05,126,,
,2025,8.070964395301417e-05,126,,
,2026,6.675838812952861e-05,126,,
,2027,7.787374488543719e-05,126,,
,2028,0.0001593751076143235,126,,
,2029,6.759720417903736e-05,126,,
,2030,4.301498120184988e-05,126,,
,2031,6.35183387203142e-05,126,,
,2031,,126,0.0001038138652802445,
0.001,2032,,,,
,2032,0.0008025738643482327,127,,
,2033,0.0010367752984166145,127,,
,2034,0.0013127666898071766,127,,
,2035,0.0012693287571892142,127,,
,2036,0.0006683263927698135,127,,
,2037,0.0009974280837923288,127,,
,2038,0.0002518882101867348,127,,
,2039,0.0003179152845405042,127,,
,2040,0.00016684856382198632,127,,
,2041,0.00014935356739442796,127,,
,2042,8.41893270262517e-05,127,,
,2043,6.448761996580288e-05,127,,
,2044,0.00016701131244190037,127,,
,2045,9.707044955575839e-05,127,,
,2046,5.314579539117403e-05,127,,
,2047,7.819562597433105e-05,127,,
,2047,,127,0.00013165611017029732,
0.001,2048,,,,
,2048,0.0008783417870290577,128,,
,2049,0.0011658521834760904,128,,
,2050,0.0013747004559263587,128,,
,2051,0.0012158516328781843,128,,
,2052,0.0006785295554436743,128,,
,2053,0.0012669347925111651,128,,
,2054,0.0004869762633461505,128,,
,2055,0.0003584376536309719,128,,
,2056,0.00012166875239927322,128,,
,2057,0.00012996695295441896,128,,
,2058,9.784858411876485e-05,128,,
,2059,0.00011258140148129314,128,,
,2060,0.0002462904085405171,128,,
,2061,0.00010553316678851843,128,,
,2062,7.150880264816806e-05,128,,
,2063,0.00018005023594014347,128,,
,2063,,128,0.0001473918091505766,
0.001,2064,,,,
,2064,0.0008487521554343402,129,,
,2065,0.0011689867824316025,129,,
,2066,0.0014079447137191892,129,,
,2067,0.0013025024672970176,129,,
,2068,0.0007186518632806838,129,,
,2069,0.0010663701687008142,129,,
,2070,0.0003775357617996633,129,,
,2071,0.0003100917092524469,129,,
,2072,8.793095912551507e-05,129,,
,2073,9.841425344347954e-05,129,,
,2074,9.493707329966128e-05,129,,
,2075,9.489882359048352e-05,129,,
,2076,0.00023160887940321118,129,,
,2077,0.00010490213026059791,129,,
,2078,9.871111979009584e-05,129,,
,2079,0.00010573035979177803,129,,
,2079,,129,0.0007836405420675874,
0.001,2080,,,,
,2080,0.0009283931576646864,130,,
,2081,0.0011908221058547497,130,,
,2082,0.0014001786476001143,130,,
,2083,0.0012024701572954655,130,,
,2084,0.0006752602639608085,130,,
,2085,0.0009440332651138306,130,,
,2086,0.00036418356467038393,130,,
,2087,0.0003161162312608212,130,,
,2088,0.00018569029634818435,130,,
,2089,0.00015718236682005227,130,,
,2090,7.452718273270875e-05,130,,
,2091,8.355253521585837e-05,130,,
,2092,0.00015885858738329262,130,,
,2093,0.00014454874326474965,130,,
,2094,9.200951171806082e-05,130,,
,2095,0.00013598099758382887,130,,
,2095,,130,0.0002621581661514938,
0.001,2096,,,,
,2096,0.0017193700186908245,131,,
,2097,0.0013264041626825929,131,,
,2098,0.0013289267662912607,131,,
,2099,0.0012228343402966857,131,,
,2100,0.000678050855640322,131,,
,2101,0.0009499649750068784,131,,
,2102,0.00024093006504699588,131,,
,2103,0.0002416727802483365,131,,
,2104,9.015824616653845e-05,131,,
,2105,9.581248741596937e-05,131,,
,2106,7.30376923456788e-05,131,,
,2107,0.00011667634680634364,131,,
,2108,0.0002049185277428478,131,,
,2109,7.692273356951773e-05,131,,
,2110,5.322305514710024e-05,131,,
,2111,7.178654050221667e-05,131,,
,2111,,131,0.00022037133749108762,
0.001,2112,,,,
,2112,0.0011105347657576203,132,,
,2113,0.0011590024223551154,132,,
,2114,0.0014629305806010962,132,,
,2115,0.001222306163981557,132,,
,2116,0.0006972544942982495,132,,
,2117,0.001017739181406796,132,,
,2118,0.00022543910017702729,132,,
,2119,0.00025610942975617945,132,,
,2120,9.718035289552063e-05,132,,
,2121,7.052485307212919e-05,132,,
,2122,8.189392974600196e-05,132,,
,2123,9.830723138293251e-05,132,,
,2124,0.000203700692509301,132,,
,2125,7.027064566500485e-05,132,,
,2126,7.30328683857806e-05,132,,
,2127,5.8338584494777024e-05,132,,
,2127,,132,0.0003289847809355706,
0.001,2128,,,,
,2128,0.0008458606898784637,133,,
,2129,0.0010895385639742017,133,,
,2130,0.0013124614488333464,133,,
,2131,0.001252081710845232,133,,
,2132,0.0006725025014020503,133,,
,2133,0.0009459685534238815,133,,
,2134,0.0002430826862109825,133,,
,2135,0.00022477757011074573,133,,
,2136,0.00018321552488487214,133,,
,2137,0.000112168061605189,133,,
,2138,8.554376108804718e-05,133,,
,2139,9.290240268455818e-05,133,,
,2140,0.00017950958863366395,133,,
,2141,8.395835902774706e-05,133,,
,2142,8.220301970141008e-05,133,,
,2143,0.00015328824520111084,133,,
,2143,,133,0.0005339080817066133,
0.001,2144,,,,
,2144,0.0007722738082520664,134,,
,2145,0.0010669108014553785,134,,
,2146,0.0012788239400833845,134,,
,2147,0.001190590555779636,134,,
,2148,0.0006693367613479495,134,,
,2149,0.0009618768817745149,134,,
,2150,0.0003513144620228559,134,,
,2151,0.00020945511641912162,134,,
,2152,0.00021661687060259283,134,,
,2153,0.00016164954286068678,134,,
,2154,0.00011016384814865887,134,,
,2155,0.00014525525330100209,134,,
,2156,0.00015556479047518224,134,,
,2157,0.0001153292105300352,134,,
,2158,0.00010760447912616655,134,,
,2159,0.00013323119492270052,134,,
,2159,,134,0.00042348328861407936,
0.001,2160,,,,
,2160,0.0007795774727128446,135,,
,2161,0.0010496389586478472,135,,
,2162,0.0012815010268241167,135,,
,2163,0.0012291779275983572,135,,
,2164,0.000639569538179785,135,,
,2165,0.0008733182330615819,135,,
,2166,0.00023293588310480118,135,,
,2167,0.00029253074899315834,135,,
,2168,0.00011564582382561639,135,,
,2169,0.00011244562483625486,135,,
,2170,9.972901170840487e-05,135,,
,2171,0.00012727869034279138,135,,
,2172,0.00018005608581006527,135,,
,2173,9.285395935876295e-05,135,,
,2174,4.130265733692795e-05,135,,
,2175,5.0783768529072404e-05,135,,
,2175,,135,0.00026450614677742124,
0.001,2176,,,,
,2176,0.0008462878759019077,136,,
,2177,0.0010626079747453332,136,,
,2178,0.0012854041997343302,136,,
,2179,0.0012049422366544604,136,,
,2180,0.0006588674150407314,136,,
,2181,0.0008795969188213348,136,,
,2182,0.00024340230447705835,136,,
,2183,0.00027911164215765893,136,,
,2184,0.00021078644203953445,136,,
,2185,0.00014433880278375,136,,
,2186,6.503057375084609e-05,136,,
,2187,7.54004213376902e-05,136,,
,2188,0.000167808000696823,136,,
,2189,0.00010697451943997294,136,,
,2190,8.376469486393034e-05,136,,
,2191,0.00013745915202889591,136,,
,2191,,136,0.00014887501311022788,
0.001,2192,,,,
,2192,0.0009024734608829021,137,,
,2193,0.0010507411789149046,137,,
,2194,0.0012978928862139583,137,,
,2195,0.0012716115452349186,137,,
,2196,0.0006930474773980677,137,,
,2197,0.0008630888187326491,137,,
,2198,0.00029810043633915484,137,,
,2199,0.00034569582203403115,137,,
,2200,7.565764826722443e-05,137,,
,2201,5.392289313022047e-05,137,,
,2202,6.222430238267407e-05,137,,
,2203,0.00010699000267777592,137,,
,2204,0.00018787532462738454,137,,
,2205,6.723996921209618e-05,137,,
,2206,5.588485873886384e-05,137,,
,2207,4.4619217078434303e-05,137,,
,2207,,137,0.00018718907085713,
0.001,2208,,,,
,2208,0.0009080261806957424,138,,
,2209,0.0010734914103522897,138,,
,2210,0.001283483230508864,138,,
,2211,0.001185955828987062,138,,
,2212,0.0006425320752896369,138,,
,2213,0.0009693421307019889,138,,
,2214,0.00016919356130529195,138,,
,2215,0.00018606935918796808,138,,
,2216,5.8492067182669416e-05,138,,
,2217,5.339587005437352e-05,138,,
,2218,5.140113353263587e-05,138,,
,2219,6.515407585538924e-05,138,,
,2220,0.00010865255899261683,138,,
,2221,7.543665560660884e-05,138,,
,2222,5.591743320110254e-05,138,,
,2223,6.983953790040687e-05,138,,
,2223,,138,0.0003036783600691706,
0.001,2224,,,,
,2224,0.0008280223701149225,139,,
,2225,0.0010552668245509267,139,,
,2226,0.0012784829596057534,139,,
,2227,0.0012086977949365973,139,,
,2228,0.0006574334111064672,139,,
,2229,0.0010572811588644981,139,,
,2230,0.00022836239077150822,139,,
,2231,0.00024252246657852083,139,,
,2232,0.0001316366106038913,139,,
,2233,0.00013283775479067117,139,,
,2234,6.57723649055697e-05,139,,
,2235,7.617176015628502e-05,139,,
,2236,0.00012608447286766022,139,,
,2237,7.582500984426588e-05,139,,
,2238,6.357487291097641e-05,139,,
,2239,0.00012612993305083364,139,,
,2239,,139,0.0003244141989853233,
0.001,2240,,,,
,2240,0.0010330071672797203,140,,
,2241,0.001082945498637855,140,,
,2242,0.001307987840846181,140,,
,2243,0.0012395044323056936,140,,
,2244,0.0006480267620645463,140,,
,2245,0.0011512910714372993,140,,
,2246,0.00026424939278513193,140,,
,2247,0.00025342137087136507,140,,
,2248,0.0001144155758083798,140,,
,2249,7.53942658775486e-05,140,,
,2250,5.868270091013983e-05,140,,
,2251,8.133685332722962e-05,140,,
,2252,0.0001329451333731413,140,,
,2253,6.056645725038834e-05,140,,
,2254,3.7506204535020515e-05,140,,
,2255,4.826449730899185e-05,140,,
,2255,,140,0.00014507137530017644,
0.001,2256,,,,
,2256,0.0007442781352438033,141,,
,2257,0.0010502439690753818,141,,
,2258,0.0012937310384586453,141,,
,2259,0.0012249666033312678,141,,
,2260,0.0006903113098815084,141,,
,2261,0.0009920314187183976,141,,
,2262,0.00018968147924169898,141,,
,2263,0.00021614666911773384,141,,
,2264,7.475542952306569e-05,141,,
,2265,7.685640593990684e-05,141,,
,2266,6.301988469203934e-05,141,,
,2267,6.252871389733627e-05,141,,
,2268,0.0001277328556170687,141,,
,2269,4.652885763789527e-05,141,,
,2270,3.883921090164222e-05,141,,
,2271,7.587824075017124e-05,141,,
,2271,,141,0.00024284320534206927,
0.001,2272,,,,
,2272,0.000917332130484283,142,,
,2273,0.0010755331022664905,142,,
,2274,0.001333888154476881,142,,
,2275,0.0011868883157148957,142,,
,2276,0.0006648884736932814,142,,
,2277,0.0010548614664003253,142,,
,2278,0.00035422187647782266,142,,
,2279,0.00029744996572844684,142,,
,2280,8.020546374609694e-05,142,,
,2281,0.00010047657269751653,142,,
,2282,7.018326869001612e-05,142,,
,2283,9.466323535889387e-05,142,,
,2284,0.00013395905261859298,142,,
,2285,6.332655175356194e-05,142,,
,2286,3.94314483855851e-05,142,,
,2287,8.010368765098974e-05,142,,
,2287,,142,0.00012113236880395561,
0.001,2288,,,,
,2288,0.0007469150004908442,143,,
,2289,0.0010784630430862308,143,,
,2290,0.0013696604873985052,143,,
,2291,0.0012431929353624582,143,,
,2292,0.0006466322811320424,143,,
,2293,0.0012164243962615728,143,,
,2294,0.0003802442515734583,143,,
,2295,0.0002580062428023666,143,,
,2296,0.0001132977704401128,143,,
,2297,9.62773701758124e-05,143,,
,2298,5.912319466006011e-05,143,,
,2299,5.118709304952063e-05,143,,
,2300,0.00014717337035108358,143,,
,2301,6.126147491158918e-05,143,,
,2302,4.802761031896807e-05,143,,
,2303,5.87080794502981e-05,143,,
,2303,,143,0.0002527837350498885,
0.001,2304,,,,
,2304,0.000964585691690445,144,,
,2305,0.001096948399208486,144,,
,2306,0.0013105806428939104,144,,
,2307,0.0012127493973821402,144,,
,2308,0.0006697112112306058,144,,
,2309,0.0011305666994303465,144,,
,2310,0.00032781195477582514,144,,
,2311,0.00026203712332062423,144,,
,2312,0.00011088190512964502,144,,
,2313,0.00013491192657966167,144,,
,2314,6.994138675509021e-05,144,,
,2315,8.94169497769326e-05,144,,
,2316,0.0001527731801616028,144,,
,2317,6.625345122301951e-05,144,,
,2318,5.308941035764292e-05,144,,
,2319,9.177310130326077e-05,144,,
,2319,,144,0.00012525862257461995,
0.001,2320,,,,
,2320,0.0008344807429239154,145,,
,2321,0.0010623496491461992,145,,
,2322,0.0013153591426089406,145,,
,2323,0.0012546543730422854,145,,
,2324,0.0006719331140629947,145,,
,2325,0.0007804268389008939,145,,
,2326,0.0001652530481806025,145,,
,2327,0.00018999828898813576,145,,
,2328,0.00012367083400022238,145,,
,2329,7.792633550707251e-05,145,,
,2330,6.635289901169017e-05,145,,
,2331,6.666171975666657e-05,145,,
,2332,0.00012539680756162852,145,,
,2333,5.5121639888966456e-05,145,,
,2334,5.349168350221589e-05,145,,
,2335,6.555880099767819e-05,145,,
,2335,,145,0.0002146399929188192,
0.001,2336,,,,
,2336,0.0007429757388308644,146,,
,2337,0.0010696017416194081,146,,
,2338,0.0013183999108150601,146,,
,2339,0.0012093252735212445,146,,
,2340,0.000693881418555975,146,,
,2341,0.0008725088555365801,146,,
,2342,0.00018729663861449808,146,,
,2343,0.0001614209177205339,146,,
,2344,6.201562064234167e-05,146,,
,2345,6.608459079870954e-05,146,,
,2346,5.612132008536719e-05,146,,
,2347,4.6844317694194615e-05,146,,
,2348,0.0001252309448318556,146,,
,2349,3.92930451198481e-05,146,,
,2350,3.818247569142841e-05,146,,
,2351,4.10620887123514e-05,146,,
,2351,,146,0.00016907216922845691,
0.001,2352,,,,
,2352,0.0008227849029935896,147,,
,2353,0.0010730783687904477,147,,
,2354,0.0013486042153090239,147,,
,2355,0.0011809042189270258,147,,
,2356,0.0007003702921792865,147,,
,2357,0.0008960709674283862,147,,
,2358,0.00020577538816723973,147,,
,2359,0.00020731169206555933,147,,
,2360,6.788715108996257e-05,147,,
,2361,5.5693777540000156e-05,147,,
,2362,5.105843229102902e-05,147,,
,2363,6.745732389390469e-05,147,,
,2364,9.015073737828061e-05,147,,
,2365,4.337569771450944e-05,147,,
,2366,2.9756351068499498e-05,147,,
,2367,3.221237784600817e-05,147,,
,2367,,147,0.00014366050891112536,
0.001,2368,,,,
,2368,0.0008020896930247545,148,,
,2369,0.0010342523455619812,148,,
,2370,0.0012736300705000758,148,,
,2371,0.001184855354949832,148,,
,2372,0.0006385872256942093,148,,
,2373,0.0009436474647372961,148,,
,2374,0.00019247001910116524,148,,
,2375,0.0001348744408460334,148,,
,2376,7.478489715140313e-05,148,,
,2377,6.153711001388729e-05,148,,
,2378,4.2387669964227825e-05,148,,
,2379,6.633577140746638e-05,148,,
,2380,9.931766544468701e-05,148,,
,2381,4.922783773508854e-05,148,,
,2382,2.5905537768267095e-05,148,,
,2383,3.27240013575647e-05,148,,
,2383,,148,0.00013978684728499502,
0.001,2384,,,,
,2384,0.0007745726034045219,149,,
,2385,0.001047757570631802,149,,
,2386,0.0012221959186717868,149,,
,2387,0.0012213853187859058,149,,
,2388,0.0006785099976696074,149,,
,2389,0.0008714133291505277,149,,
,2390,0.0001498405763413757,149,,
,2391,0.0001897383772302419,149,,
,2392,5.966769458609633e-05,149,,
,2393,8.244370110332966e-05,149,,
,2394,4.089958383701742e-05,149,,
,2395,5.772220902144909e-05,149,,
,2396,0.00010608193406369537,149,,
,2397,4.207341044093482e-05,149,,
,2398,3.854960959870368e-05,149,,
,2399,5.084525764686987e-05,149,,
,2399,,149,0.00011452756734797731,
0.001,2400,,,,
,2400,0.0007703156443312764,150,,
,2401,0.0010358599247410893,150,,
,2402,0.0013030464760959148,150,,
,2403,0.0012292687315493822,150,,
,2404,0.0006573803839273751,150,,
,2405,0.0007624438148923218,150,,
,2406,0.00010841308539966121,150,,
,2407,0.00016628627781756222,150,,
,2408,6.993202259764075e-05,150,,
,2409,5.160743239684962e-05,150,,
,2410,4.187308513792232e-05,150,,
,2411,6.471064989455044e-05,150,,
,2412,9.491071250522509e-05,150,,
,2413,4.9682574172038585e-05,150,,
,2414,3.2801868655951694e-05,150,,
,2415,4.0988350519910455e-05,150,,
,2415,,150,0.00015866033209022135,
0.001,2416,,,,
,2416,0.0008514852379448712,151,,
,2417,0.0010470531415194273,151,,
,2418,0.001301902811974287,151,,
,2419,0.001215946627780795,151,,
,2420,0.0006342067499645054,151,,
,2421,0.0007857371820136905,151,,
,2422,0.00016149520524777472,151,,
,2423,0.00016644346760585904,151,,
,2424,8.291172707686201e-05,151,,
,2425,7.860777986934409e-05,151,,
,2426,5.8054978580912575e-05,151,,
,2427,5.3084786486579105e-05,151,,
,2428,0.00011758624896174297,151,,
,2429,5.995889659970999e-05,151,,
,2430,3.7928159144939855e-05,151,,
,2431,8.564526069676504e-05,151,,
,2431,,151,0.00011361655924702063,
0.001,2432,,,,
,2432,0.0007006591185927391,152,,
,2433,0.0010561119997873902,152,,
,2434,0.0013630096800625324,152,,
,2435,0.0012548245722427964,152,,
,2436,0.0006426727049984038,152,,
,2437,0.0008702491177245975,152,,
,2438,0.00014402317174244672,152,,
,2439,0.00010491065768292174,152,,
,2440,5.39511202077847e-05,152,,
,2441,8.207184146158397e-05,152,,
,2442,4.76140521641355e-05,152,,
,2443,6.188062980072573e-05,152,,
,2444,0.00014198743156157434,152,,
,2445,7.33507695258595e-05,152,,
,2446,3.65876367141027e-05,152,,
,2447,5.208715083426796e-05,152,,
,2447,,152,0.00014524042489938438,
0.001,2448,,,,
,2448,0.0007424078648909926,153,,
,2449,0.0010625210124999285,153,,
,2450,0.0013286105822771788,153,,
,2451,0.001197203528136015,153,,
,2452,0.0006348523893393576,153,,
,2453,0.000808614946436137,153,,
,2454,0.00014869490405544639,153,,
,2455,9.508335642749444e-05,153,,
,2456,0.00010650355397956446,153,,
,2457,8.808435086393729e-05,153,,
,2458,9.942894394043833e-05,153,,
,2459,7.118227222235873e-05,153,,
,2460,9.295633935835212e-05,153,,
,2461,5.405720366979949e-05,153,,
,2462,4.439525582711212e-05,153,,
,2463,0.00010819017188623548,153,,
,2463,,153,0.00012700370280072093,
0.001,2464,,,,
,2464,0.000873038312420249,154,,
,2465,0.0010374508565291762,154,,
,2466,0.0013172286562621593,154,,
,2467,0.0011286588851362467,154,,
,2468,0.0006544622592628002,154,,
,2469,0.0008557911496609449,154,,
,2470,0.00012904824689030647,154,,
,2471,0.00020613691594917327,154,,
,2472,7.36090078135021e-05,154,,
,2473,5.792296360596083e-05,154,,
,2474,5.710836194339208e-05,154,,
,2475,7.814673881512135e-05,154,,
,2476,0.00011686144716804847,154,,
,2477,6.588805990759283e-05,154,,
,2478,3.509714952087961e-05,154,,
,2479,7.11079774191603e-05,154,,
,2479,,154,0.00017746402591001242,
0.001,2480,,,,
,2480,0.0009452174417674541,155,,
,2481,0.0010794911067932844,155,,
,2482,0.0013288448099046946,155,,
,2483,0.0012482027523219585,155,,
,2484,0.0006314146448858082,155,,
,2485,0.000770877581089735,155,,
,2486,0.00019294596859253943,155,,
,2487,0.0001626326411496848,155,,
,2488,5.222448453423567e-05,155,,
,2489,8.211621752707288e-05,155,,
,2490,4.084091051481664e-05,155,,
,2491,8.17446198198013e-05,155,,
,2492,8.786215039435774e-05,155,,
,2493,4.611372060026042e-05,155,,
,2494,2.523328657844104e-05,155,,
,2495,5.9099416830576956e-05,155,,
,2495,,155,0.0001401097688358277,
0.001,2496,,,,
,2496,0.0007650091429241002,156,,
,2497,0.0010555351618677378,156,,
,2498,0.0012954979902133346,156,,
,2499,0.0012284166878089309,156,,
,2500,0.0006615666206926107,156,,
,2501,0.0008846443961374462,156,,
,2502,0.00015814825019333512,156,,
,2503,0.00018043733143713325,156,,
,2504,0.00010535999899730086,156,,
,2505,7.729380013188347e-05,156,,
,2506,4.9344416765961796e-05,156,,
,2507,4.7169614845188335e-05,156,,
,2508,9.209138079313561e-05,156,,
,2509,5.873913687537424e-05,156,,
,2510,4.408986569615081e-05,156,,
,2511,8.280888141598552e-05,156,,
,2511,,156,0.00023128846078179777,
,2512,,157,,0.00047123353579081595
